display_rank,candidate,nMSE_delta,nMSE,source_csv_complexity,nMSE_delta_normalized,nMSE_rank_normalized,complexity_rank_normalized
1,Betweenness-augmented gravity,0.647863743757807,1.11449646055608,26,0,0.909090909090909,0.818181818181818
2,Single-constrained gravity model (POW),0.665073590142571,1.06222161783971,21,0.0440446379273434,0.545454545454545,0.545454545454545
3,Single-constrained gravity model (EXP),0.671759146470119,1.04779076277456,25,0.061154779482725,0.318181818181818,0.727272727272727
4,Classic gravity model (EXP),0.694709111824607,1.11480393439174,22,0.11988992980797,0.954545454545455,0.590909090909091
5,Edge-betweenness weighted mixed diffusion,0.741544479205869,1.03320406006639,14,0.239754265164738,0.136363636363636,0.0909090909090909
6,KNN two-band diffusion,0.743573402600304,1.01452234289111,18,0.244946827276699,0.0909090909090909,0.318181818181818
7,Two-scale piecewise diffusion,0.746531958347576,1.09318671751784,26,0.2525185692762,0.818181818181818,0.818181818181818
8,Corridor-enhanced diffusion,0.755117723363939,1.04684806446501,18,0.274491857300998,0.272727272727273,0.318181818181818
9,Dual-layer overlap diffusion,0.756712342477437,1.0998173703686,20,0.278572917637959,0.863636363636364,0.454545454545455
10,State-adaptive diffusion,0.758846371115949,1.08564111720338,29,0.284034472413548,0.772727272727273,0.954545454545455
11,Distance-weighted diffusion,0.766796563152643,1.07892651977403,10,0.30438115778658,0.681818181818182,0
12,Span-adaptive diffusion,0.768857331867298,1.05737034092018,22,0.309655220660805,0.454545454545455,0.590909090909091
13,Rank-based diffusion,0.76887529388289,1.07484922155763,16,0.309701190302574,0.636363636363636,0.181818181818182
14,Classic gravity model (POW),0.773194727230714,1.08192243465575,20,0.320755785073657,0.727272727272727,0.454545454545455
15,Saturation-limited diffusion,0.775533475784928,1.04037319005316,27,0.326741273320936,0.181818181818182,0.909090909090909
16,Cluster-constrained diffusion,0.77687372452041,1.01051134220668,18,0.330171331263763,0.0454545454545455,0.318181818181818
17,Local–global mixed diffusion,0.799143015764375,1.0484679941398,25,0.387164452980835,0.363636363636364,0.727272727272727
18,Betweenness-modulated diffusion,0.803861692166193,1.05515061927293,16,0.399240818392113,0.409090909090909,0.181818181818182
19,KNN-limited diffusion,0.821320692885144,1.06536210009543,16,0.443923109450806,0.590909090909091,0.181818181818182
20,KNN diffusion,0.863395733950704,1.0439285509145,15,0.551604486034814,0.227272727272727,0.136363636363636
