,First-order MSE,First-order R2,Corr,Second-order MSE,Second-order R2,Corr Delta,FVU$_f$,FVU$_s$,FVU,Complexity
Explore–return diffusion* (POW) + Osc,95.42503356933594,0.7533518671989441,0.7201782464981079,15.228059768676758,-0.051399827003479004,0.187815859913826,4.164987564086914,1.614322304725647,5.7793097496032715,47
Betweenness-augmented gravity* (POW) + Osc,15.358433723449707,0.9603025913238525,0.8230253458023071,15.754120826721191,-0.08772087097167969,0.09724843502044678,0.7091807723045349,1.3872952461242676,2.0964760780334473,26
Edge-betweenness weighted mixed diffusion* (POW) + Osc,14.238175392150879,0.9631981253623962,0.8628604412078857,18.03215789794922,-0.24500465393066406,0.06387171894311905,0.29801100492477417,1.6090139150619507,1.90702486038208,14
KNN two-band diffusion* (POW) + Osc,13.980730056762695,0.9638635516166687,0.8657415509223938,18.08149528503418,-0.2484111785888672,0.060733553022146225,0.2805812358856201,1.604392170906067,1.884973406791687,18
Two-scale piecewise diffusion* (POW) + Osc,15.064772605895996,0.9610615968704224,0.8640483021736145,18.153438568115234,-0.25337839126586914,0.0557381734251976,0.28604936599731445,1.6772732734680176,1.963322639465332,26
Corridor-enhanced diffusion* (POW) + Osc,14.42619800567627,0.9627121686935425,0.862605094909668,18.362218856811523,-0.26779329776763916,0.05728825181722641,0.2781088352203369,1.6327571868896484,1.9108660221099854,18
Dual-layer overlap diffusion* (POW) + Osc,15.156147003173828,0.9608254432678223,0.863520622253418,18.4009952545166,-0.27047061920166016,0.054701872169971466,0.2800494432449341,1.660281777381897,1.940331220626831,20
State-adaptive diffusion* (POW) + Osc,14.960789680480957,0.9613303542137146,0.8609903454780579,18.45288848876953,-0.27405357360839844,0.06007148697972298,0.3008633553981781,1.561454176902771,1.8623175621032715,29
Span- and cluster-aware diffusion* (POW) + Osc,14.628642082214355,0.9621888995170593,0.8634772896766663,18.478673934936523,-0.2758338451385498,0.05508473888039589,0.27634456753730774,1.7005599737167358,1.9769045114517212,30
"Gravity model2* (SC, POW) + Osc",14.946063995361328,0.9613684415817261,0.8638938069343567,18.498905181884766,-0.2772306203842163,0.05826220661401749,0.3045435845851898,1.5834004878997803,1.8879441022872925,15
Distance-weighted diffusion2* (POW) + Osc,14.868258476257324,0.9615695476531982,0.8639220595359802,18.64621353149414,-0.28740131855010986,0.05851171910762787,0.2849830985069275,1.593517541885376,1.8785006999969482,10
Distance-weighted diffusion3* (POW) + Osc,14.968489646911621,0.9613104462623596,0.8635919690132141,18.657995223999023,-0.28821492195129395,0.05675288289785385,0.29120275378227234,1.5938560962677002,1.885058879852295,10
Span-adaptive diffusion* (POW) + Osc,14.57120132446289,0.9623373746871948,0.8649936318397522,18.696325302124023,-0.29086124897003174,0.05751534551382065,0.32799670100212097,1.554032325744629,1.8820290565490723,22
Rank-based diffusion* (POW) + Osc,14.812070846557617,0.9617147445678711,0.8661661148071289,18.696762084960938,-0.2908914089202881,0.0561966747045517,0.2937280237674713,1.5922733545303345,1.8860013484954834,16
Rank-based diffusion2* (POW) + Osc,14.63226318359375,0.9621795415878296,0.8659763932228088,18.748558044433594,-0.294467568397522,0.055066633969545364,0.3017621636390686,1.5952504873275757,1.897012710571289,12
Saturation-limited diffusion* (POW) + Osc,14.336970329284668,0.9629427790641785,0.8623985648155212,18.85866928100586,-0.3020700216293335,0.07084225863218307,0.30776989459991455,1.4620691537857056,1.7698390483856201,27
Cluster-constrained diffusion* (POW) + Osc,13.925456047058105,0.9640064239501953,0.8648428320884705,18.891260147094727,-0.30432021617889404,0.05088857561349869,0.31332141160964966,1.7173365354537964,2.030658006668091,18
Distance-weighted diffusion* (POW) + Osc,14.546309471130371,0.9624016880989075,0.8670673966407776,18.966083526611328,-0.30948638916015625,0.05182113125920296,0.30027785897254944,1.6036738157272339,1.903951644897461,10
Local–global mixed diffusion* (POW) + Osc,14.448521614074707,0.9626544713973999,0.8628479242324829,19.432783126831055,-0.3417090177536011,0.040829241275787354,0.30692747235298157,1.6882400512695312,1.9951674938201904,25
Betweenness-modulated diffusion* (POW) + Osc,14.54061222076416,0.962416410446167,0.8631836175918579,19.547527313232422,-0.34963130950927734,0.05066164210438728,0.3159457743167877,1.6018095016479492,1.9177552461624146,16
KNN-limited diffusion* (POW) + Osc,14.6813325881958,0.9620527029037476,0.8584274053573608,19.972078323364258,-0.37894392013549805,0.04091115668416023,0.2854401767253876,1.6220170259475708,1.9074572324752808,16
KNN diffusion* (POW) + Osc,14.385965347290039,0.9628161191940308,0.8549889922142029,20.99521827697754,-0.4495849609375,0.035875946283340454,0.28655076026916504,1.6666460037231445,1.9531967639923096,15
Rank-truncated + tail choice diffusion* (POW) + Osc,13.57371711730957,0.9649155735969543,0.8603579998016357,22.099109649658203,-0.5258016586303711,0.020807340741157532,0.2850897014141083,1.931464672088623,2.2165544033050537,49
Rank-choice gravity* (POW) + Osc,29.88034439086914,0.9227673411369324,0.8574836254119873,22.84950065612793,-0.5776113271713257,0.029812948778271675,0.34835049510002136,1.654317021369934,2.0026674270629883,29
Accessibility-driven drift* (POW) + Osc,13.903129577636719,0.9640641212463379,0.8636619448661804,23.11053466796875,-0.5956339836120605,0.015830103307962418,0.282441109418869,1.8038214445114136,2.0862624645233154,23
Osc,13.780603408813477,0.9643808603286743,0.8598417639732361,24.317028045654297,-0.6789346933364868,0.014363856986165047,0.2691829800605774,1.945717692375183,2.2149007320404053,0
