source_node_id,target_node_id,distance_raw,distance_normalized,ground_truth_power_kernel,ground_truth_power_kernel_scaled
0,1,18.45087242126465,0.7052776217460632,0.024813583242302924,0.142554663234303
0,2,13.53621768951416,0.5174168348312378,0.03675026039423856,0.2111311753371498
0,3,16.3572940826416,0.6252514123916626,0.02890765290597687,0.16607519698647097
0,4,19.559059143066406,0.7476376295089722,0.02304462714052488,0.13239196569470207
0,5,17.452739715576172,0.6671243906021118,0.02662661024928936,0.15297054923882913
0,6,8.272965431213379,0.31623098254203796,0.06861274644543333,0.39418196346726414
0,7,13.740205764770508,0.5252141952514648,0.036059824253465725,0.20716460224806588
0,8,23.963876724243164,0.9160101413726807,0.017812318424025066,0.1023322197992796
0,9,6.871517181396484,0.2626611590385437,0.08681935256425902,0.49877937604426026
0,10,17.069278717041016,0.6524667143821716,0.02738735642856499,0.1573410552771725
0,11,22.334293365478516,0.85371994972229,0.01947610374828134,0.11189070856236873
0,12,23.232149124145508,0.8880401253700256,0.01852667541432322,0.10643621877381758
0,13,11.779333114624023,0.45026054978370667,0.043834699578066655,0.25183145760564435
0,14,13.817914962768555,0.5281845927238464,0.03580287627341825,0.2056884296047712
0,15,21.246368408203125,0.8121343851089478,0.02074922397872772,0.1192048164820445
0,16,19.50789451599121,0.745681881904602,0.02312129284926413,0.13283241213019756
0,17,3.9701807498931885,0.15175865590572357,0.17406363762032317,1.0
0,18,23.434097290039062,0.8957595229148865,0.018324463909798732,0.10527450856662564
0,19,11.574942588806152,0.44244781136512756,0.04481848757053373,0.25748334450124605
1,2,16.549253463745117,0.6325889825820923,0.02848314494916014,0.16363638803923589
1,3,14.530448913574219,0.5554209351539612,0.03359148446466893,0.19298392773992498
1,4,14.889419555664062,0.5691424608230591,0.03256791759165948,0.18710351016964466
1,5,6.548922538757324,0.2503300905227661,0.09227752330516624,0.5301367049816967
1,6,16.71891212463379,0.6390740871429443,0.02811714326804481,0.16153369912546245
1,7,17.592947006225586,0.6724837422370911,0.026357826823763763,0.15142638166195774
1,8,24.681278228759766,0.9434325098991394,0.017158393968843808,0.09857540726725823
1,9,17.809358596801758,0.6807560324668884,0.025952363544641584,0.14909698486969608
1,10,15.27554702758789,0.5839020013809204,0.031527612499295345,0.18112693110588118
1,11,16.40036964416504,0.626897931098938,0.028811412662694668,0.16552229435500854
1,12,22.672473907470703,0.8666467666625977,0.019108483660615225,0.10977872186203336
1,13,20.97525405883789,0.8017711639404297,0.02108987984902239,0.12116189307168652
1,14,20.439064025878906,0.7812755107879639,0.021793868662790598,0.12520632660986059
1,15,20.1992244720459,0.772107720375061,0.022122514735664556,0.12709440660960653
1,16,23.39767837524414,0.8943673968315125,0.018360637831660843,0.10548232866252077
1,17,9.500629425048828,0.3631579577922821,0.05757171279155936,0.330750945910586
1,18,17.644392013549805,0.6744502186775208,0.026260418549670952,0.15086676866395018
1,19,15.767026901245117,0.6026886701583862,0.030286718523804726,0.17399796383589156
2,3,14.968185424804688,0.5721532106399536,0.032350761653115616,0.1858559438110837
2,4,13.819497108459473,0.5282450318336487,0.0357976788866812,0.20565857048653086
2,5,13.405535697937012,0.5124215483665466,0.03720511975544113,0.21374435387013402
2,6,16.289493560791016,0.6226597428321838,0.02906030393693197,0.16695218101967882
2,7,19.485679626464844,0.7448327541351318,0.023154722095422353,0.13302446399476414
2,8,11.403650283813477,0.4359002113342285,0.045673831539071424,0.2623973172311704
2,9,13.552314758300781,0.5180321335792542,0.036694919759301045,0.21081324198993215
2,10,13.273452758789062,0.5073727369308472,0.03767518959174929,0.21644491696725546
2,11,23.98770523071289,0.9169209599494934,0.01778988527261987,0.10220334077714789
2,12,14.765154838562012,0.5643924474716187,0.032915860402890726,0.18910245041924578
2,13,19.388412475585938,0.7411147356033325,0.02330211431618775,0.13387123603044282
2,14,17.53925895690918,0.6704315543174744,0.026460173442464544,0.1520143655746232
2,15,15.29793930053711,0.584757924079895,0.031469107813239826,0.18079082020497533
2,16,7.876888751983643,0.30109110474586487,0.07301657559030256,0.41948207327236364
2,17,11.490986824035645,0.43923863768577576,0.04523410539587081,0.2598710794183093
2,18,14.08407211303711,0.5383583307266235,0.034947137768406925,0.20077219025282853
2,19,19.571767807006836,0.7481234073638916,0.023025654784056146,0.1322829690269999
3,4,12.159538269042969,0.46479374170303345,0.04210408293826109,0.24188902124463665
3,5,15.081490516662598,0.5764842629432678,0.03204288909752076,0.1840872081934448
3,6,14.288237571716309,0.546162486076355,0.03431516337358401,0.19714148137265786
3,7,18.385360717773438,0.7027734518051147,0.02492574967376757,0.14319906221962875
3,8,19.653106689453125,0.7512325644493103,0.0229048852592517,0.13158914505287456
3,9,15.858116149902344,0.6061704754829407,0.030066297803641662,0.17273164122436568
3,10,23.90200424194336,0.9136450886726379,0.017870804669177034,0.10266822475672822
3,11,26.14324951171875,0.9993158578872681,0.015950961227764043,0.09163867563515549
3,12,13.596969604492188,0.519739031791687,0.03654217699755835,0.2099357309610298
3,13,13.238210678100586,0.5060256123542786,0.03780241154008179,0.21717581027772392
3,14,13.036102294921875,0.49830007553100586,0.03854709815957343,0.22145405373898025
3,15,22.643268585205078,0.8655303716659546,0.019139740401064385,0.10995829262636117
3,16,15.643811225891113,0.5979787707328796,0.030589516111501364,0.17573754363461505
3,17,16.028263092041016,0.6126742959022522,0.029662171270881457,0.17040992407375832
3,18,24.09734535217285,0.9211119413375854,0.017687313504901502,0.10161406337768264
3,19,16.980178833007812,0.6490609049797058,0.027569707958156088,0.15838866942613594
4,5,9.391824722290039,0.35899895429611206,0.058418741571376255,0.3356171476710277
4,6,4.845653533935547,0.1852232813835144,0.13519873396293708,0.7767201456391467
4,7,17.001605987548828,0.6498799920082092,0.02752565725012908,0.15813559699452853
4,8,13.695429801940918,0.5235026478767395,0.03620937978845196,0.20802380257865102
4,9,12.066505432128906,0.4612376093864441,0.042516129340557235,0.24425623824601247
4,10,17.3984375,0.6650487184524536,0.02673203053459696,0.15357619144388032
4,11,18.576154708862305,0.7100664973258972,0.02460157654877127,0.1413366794185557
4,12,17.646697998046875,0.6745383739471436,0.02625606737503444,0.15084177105562716
4,13,15.001017570495605,0.5734082460403442,0.03226100737779559,0.18534030322958667
4,14,22.609081268310547,0.8642235994338989,0.019176445436518492,0.11016916398327357
4,15,23.600784301757812,0.9021310806274414,0.018160512853046186,0.10433260559944667
4,16,9.577720642089844,0.36610475182533264,0.05698476180423411,0.3273788976450802
4,17,17.14345932006836,0.6553022265434265,0.02723717736128632,0.15647827273779888
4,18,16.623517990112305,0.635427713394165,0.0283218927612065,0.16270999014155796
4,19,12.52438735961914,0.47873997688293457,0.04055494652613347,0.23298919338106716
5,6,19.008270263671875,0.7265839576721191,0.023894596155518436,0.13727505918058885
5,7,13.652507781982422,0.5218619704246521,0.03635378774858937,0.20885342996155334
5,8,12.178068161010742,0.4655020534992218,0.04202286543141084,0.24142242461388366
5,9,9.42251968383789,0.36017224192619324,0.05817753895644322,0.33423143254849785
5,10,17.53192138671875,0.6701510548591614,0.026474216424475606,0.1520950428614078
5,11,23.723670959472656,0.9068283438682556,0.018041314965297522,0.1036478107199517
5,12,20.603069305419922,0.7875445485115051,0.021574125496410218,0.12394389656195078
5,13,14.676484107971191,0.5610030889511108,0.03316822821152344,0.1905523098619353
5,14,8.407235145568848,0.3213633894920349,0.06722626155312983,0.38621657269835596
5,15,15.284662246704102,0.5842504501342773,0.03150377354593255,0.18098997571595193
5,16,18.0270938873291,0.6890788674354553,0.025555543125854892,0.14681724152862988
5,17,10.41246509552002,0.39801254868507385,0.05125558799623324,0.2944646492338316
5,18,16.185590744018555,0.6186881065368652,0.02929705465524856,0.16831231988356377
5,19,13.029624938964844,0.4980524778366089,0.038571398144866695,0.221593657769009
6,7,6.929439544677734,0.264875203371048,0.08590018110372263,0.49349871275867885
6,8,20.367340087890625,0.7785338759422302,0.021891230418995933,0.12576567236142822
6,9,14.661750793457031,0.5604398846626282,0.03321049652370247,0.19079514238432133
6,10,19.67711067199707,0.7521501183509827,0.022869461175931936,0.1313856327983678
6,11,10.472221374511719,0.40029671788215637,0.050885015799092916,0.29233570258991143
6,12,9.958186149597168,0.3806478977203369,0.05423836683922908,0.3116007891179241
6,13,18.788650512695312,0.7181890606880188,0.024249305666839888,0.13931287429333034
6,14,12.37525749206543,0.47303953766822815,0.04117563323877691,0.2365550542416641
6,15,15.003540992736816,0.5735046863555908,0.03225412745065352,0.18530077787417
6,16,24.659461975097656,0.9425986409187317,0.017177644567078477,0.09868600244094211
6,17,19.62025260925293,0.7499767541885376,0.022953529315537423,0.13186860638638884
6,18,16.301130294799805,0.6231045722961426,0.029034001769766657,0.16680107440416223
6,19,5.660272121429443,0.21636176109313965,0.11102010866888647,0.637813331874917
7,8,15.302393913269043,0.5849282145500183,0.03145749232124173,0.1807240889097037
7,9,21.908981323242188,0.8374625444412231,0.019956755016890315,0.1146520622556507
7,10,22.902381896972656,0.8754348754882812,0.01886558051068218,0.10838323712292389
7,11,10.468750953674316,0.40016403794288635,0.05090640605711668,0.29245859016319325
7,12,5.297792911529541,0.20250612497329712,0.12073882652390919,0.6936476117273334
7,13,7.711592674255371,0.2947727143764496,0.07500678441916585,0.43091587332429887
7,14,7.345815658569336,0.2807910144329071,0.0797738420629631,0.45830274004137517
7,15,17.852861404418945,0.6824188828468323,0.02587220238343488,0.14863645697137906
7,16,23.906814575195312,0.91382896900177,0.017866245293325683,0.10264203102716078
7,17,11.172832489013672,0.4270772933959961,0.04687357279917221,0.2692898611105401
7,18,21.198448181152344,0.8103026747703552,0.020808717224530038,0.11954660668369527
7,19,9.832855224609375,0.3758571743965149,0.055116466069347926,0.3166454914010868
8,9,17.76056671142578,0.6788909435272217,0.02604280071832887,0.1496165487195827
8,10,16.581846237182617,0.6338347792625427,0.028412173861323876,0.16322865734483852
8,11,14.14139461517334,0.5405494570732117,0.03476761155948123,0.19974080764253696
8,12,16.196102142333984,0.6190899014472961,0.029272946958701865,0.1681738205572468
8,13,17.434356689453125,0.6664217114448547,0.026662214991561514,0.15317509938358606
8,14,13.807971954345703,0.5278044939041138,0.03583557021416317,0.20587625712114332
8,15,18.558876037597656,0.7094060182571411,0.02463062314991998,0.14150355287671051
8,16,4.732717514038086,0.18090634047985077,0.13930259441560586,0.8002969277216879
8,17,20.98397445678711,0.8021044731140137,0.02107876718923771,0.12109805056019704
8,18,21.716815948486328,0.8301171064376831,0.020180937668731063,0.11593999725979985
8,19,15.281435012817383,0.5841270685195923,0.03151221001491638,0.18103844344361272
9,10,20.831993103027344,0.7962950468063354,0.021273952822882414,0.12221939696150834
9,11,25.234130859375,0.964565098285675,0.01668313159858576,0.09584501293128143
9,12,13.081792831420898,0.5000466108322144,0.03837646369825775,0.22047375444357037
9,13,19.302026748657227,0.7378126978874207,0.023434430828363124,0.1346313977390243
9,14,26.161148071289062,1.0,0.01593712467627185,0.09155918429692221
9,15,19.974361419677734,0.7635124325752258,0.022438780437957672,0.12891136106728004
9,16,15.805700302124023,0.6041669249534607,0.030192783426970456,0.17345830432906703
9,17,14.92310619354248,0.5704300999641418,0.0324747260460892,0.1865681223836353
9,18,19.496788024902344,0.7452573776245117,0.023137995238805505,0.1329283677804972
9,19,22.761680603027344,0.8700566291809082,0.01901357397350586,0.10923346330943214
10,11,21.370433807373047,0.8168767690658569,0.020596600875848924,0.11832799289634129
10,12,19.54217529296875,0.746992290019989,0.023069875785757126,0.13253701980007082
10,13,12.70474910736084,0.4856342375278473,0.03982630842021787,0.2288031490361538
10,14,16.233137130737305,0.6205055117607117,0.02918828995707379,0.16768746394201434
10,15,9.926334381103516,0.3794303834438324,0.05445914563100564,0.3128691688599247
10,16,23.739303588867188,0.9074258804321289,0.01802625189644084,0.1035612730084422
10,17,18.372268676757812,0.7022730112075806,0.024948274103526392,0.14332846563821036
10,18,16.377254486083984,0.6260143518447876,0.028862985612351885,0.16581858225501042
10,19,23.796138763427734,0.9095984101295471,0.017971676539155417,0.10324773620068879
11,12,19.951580047607422,0.7626416087150574,0.022471273287750976,0.12909803331104977
11,13,14.164825439453125,0.5414450764656067,0.03469470368647534,0.199321950068361
11,14,14.96006965637207,0.5718430280685425,0.03237301686084103,0.18598380054227504
11,15,19.938074111938477,0.7621253728866577,0.022490576434439646,0.12920893037693076
11,16,17.246601104736328,0.6592448353767395,0.027030799035772216,0.15529262403864744
11,17,17.125778198242188,0.6546264290809631,0.027272838992901838,0.1566831497132721
11,18,22.48725128173828,0.8595666885375977,0.019308277253204872,0.1109265411040134
11,19,16.151805877685547,0.6173966526985168,0.029374780647459752,0.16875885767441892
12,13,14.387531280517578,0.5499579310417175,0.03401515140980587,0.19541790505379142
12,14,9.436138153076172,0.3606928288936615,0.058071094054170456,0.33361990389307045
12,15,19.80495262145996,0.7570368051528931,0.022682436615543453,0.13031117196929773
12,16,23.820823669433594,0.9105420112609863,0.01794806509686699,0.10311208786763527
12,17,21.199405670166016,0.8103392720222473,0.020807525509711784,0.1195397602519273
12,18,18.69915771484375,0.7147682309150696,0.02439655827682137,0.14015884426152483
12,19,16.63299560546875,0.6357899904251099,0.028301431271016978,0.16259243836297135
13,14,17.062538146972656,0.6522091031074524,0.02740107616091674,0.15741987548648972
13,15,23.393966674804688,0.894225537776947,0.018364331735571962,0.10550355023390477
13,16,15.108126640319824,0.577502429485321,0.03197127327883068,0.18367577350398775
13,17,13.56944465637207,0.5186868906021118,0.03663619182863317,0.21047584854308268
13,18,13.283929824829102,0.507773220539093,0.03763751555210029,0.2162284786567384
13,19,20.160114288330078,0.7706127762794495,0.02217694791922884,0.12740712662573658
14,15,16.6495361328125,0.6364222168922424,0.028265784735615484,0.16238764811562947
14,16,18.095121383666992,0.6916791796684265,0.02543378201303295,0.1461177208562679
14,17,7.305105209350586,0.2792348861694336,0.08033797730409648,0.46154371126802446
14,18,8.017448425292969,0.30646392703056335,0.07139722944264831,0.4101788887026694
14,19,15.173633575439453,0.5800064206123352,0.031796358869032496,0.18267088579631088
15,16,17.015647888183594,0.6504167318344116,0.027496857639808202,0.15797014250492572
15,17,8.018603324890137,0.3065080940723419,0.0713841906306648,0.4101039803980874
15,18,14.18883228302002,0.5423627495765686,0.034620286607435165,0.19889442206735197
15,19,5.13046932220459,0.19611024856567383,0.12575353376490092,0.7224572316430683
16,17,20.008731842041016,0.764826238155365,0.022389916993296496,0.1286306393420007
16,18,14.350354194641113,0.5485368371009827,0.03412692914938047,0.19606007099437925
16,19,9.796401977539062,0.3744637668132782,0.0553766538113205,0.318140276558571
17,18,18.176258087158203,0.6947805881500244,0.025289907711455156,0.14529115935528614
17,19,20.276687622070312,0.7750687003135681,0.022015404841100098,0.1264790575566464
18,19,14.903690338134766,0.5696879029273987,0.03252838022292934,0.18687636698643495
