study_day,time_index,hour_within_day,cell_index,active_population
1,0,0.0,0,0.0
1,0,0.0,1,0.0
1,0,0.0,2,0.0
1,0,0.0,3,0.0
1,0,0.0,4,0.0
1,0,0.0,5,0.0
1,0,0.0,6,0.0
1,0,0.0,7,0.0
1,0,0.0,8,0.0
1,0,0.0,9,0.0
1,0,0.0,10,0.0
1,0,0.0,11,0.0
1,0,0.0,12,0.0
1,0,0.0,13,0.0
1,0,0.0,14,0.0
1,0,0.0,15,0.0
1,0,0.0,16,0.0
1,0,0.0,17,0.0
1,0,0.0,18,0.0
1,0,0.0,19,0.0
1,0,0.0,20,0.0
1,0,0.0,21,0.0
1,0,0.0,22,1.0
1,0,0.0,23,0.0
1,0,0.0,24,0.0
1,0,0.0,25,0.0
1,0,0.0,26,0.0
1,0,0.0,27,0.0
1,0,0.0,28,0.0
1,0,0.0,29,0.0
1,0,0.0,30,1.0
1,0,0.0,31,0.0
1,0,0.0,32,0.0
1,0,0.0,33,0.0
1,0,0.0,34,0.0
1,0,0.0,35,0.0
1,0,0.0,36,0.0
1,0,0.0,37,0.0
1,0,0.0,38,0.0
1,0,0.0,39,0.0
1,0,0.0,40,0.0
1,0,0.0,41,0.0
1,0,0.0,42,0.0
1,0,0.0,43,0.0
1,0,0.0,44,0.0
1,0,0.0,45,0.0
1,0,0.0,46,0.0
1,0,0.0,47,0.0
1,0,0.0,48,0.0
1,0,0.0,49,0.0
1,0,0.0,50,0.0
1,0,0.0,51,0.0
1,0,0.0,52,0.0
1,0,0.0,53,1.0
1,0,0.0,54,0.0
1,0,0.0,55,0.0
1,0,0.0,56,1.0
1,0,0.0,57,0.0
1,0,0.0,58,1.0
1,0,0.0,59,0.0
1,0,0.0,60,0.0
1,0,0.0,61,0.0
1,0,0.0,62,0.0
1,0,0.0,63,0.0
1,0,0.0,64,0.0
1,0,0.0,65,0.0
1,0,0.0,66,1.0
1,0,0.0,67,0.0
1,0,0.0,68,0.0
1,0,0.0,69,0.0
1,0,0.0,70,0.0
1,0,0.0,71,0.0
1,0,0.0,72,0.0
1,0,0.0,73,0.0
1,0,0.0,74,0.0
1,0,0.0,75,0.0
1,0,0.0,76,0.0
1,0,0.0,77,0.0
1,0,0.0,78,0.0
1,0,0.0,79,0.0
1,0,0.0,80,1.0
1,0,0.0,81,0.0
1,0,0.0,82,1.0
1,0,0.0,83,0.0
1,0,0.0,84,2.0
1,0,0.0,85,0.0
1,0,0.0,86,0.0
1,0,0.0,87,0.0
1,0,0.0,88,0.0
1,0,0.0,89,0.0
1,0,0.0,90,0.0
1,0,0.0,91,0.0
1,0,0.0,92,0.0
1,0,0.0,93,0.0
1,0,0.0,94,3.0
1,0,0.0,95,0.0
1,0,0.0,96,0.0
1,0,0.0,97,0.0
1,0,0.0,98,0.0
1,0,0.0,99,1.0
1,0,0.0,100,0.0
1,0,0.0,101,1.0
1,0,0.0,102,0.0
1,0,0.0,103,1.0
1,0,0.0,104,0.0
1,0,0.0,105,0.0
1,0,0.0,106,0.0
1,0,0.0,107,0.0
1,0,0.0,108,0.0
1,0,0.0,109,0.0
1,0,0.0,110,0.0
1,0,0.0,111,3.0
1,0,0.0,112,1.0
1,0,0.0,113,0.0
1,0,0.0,114,0.0
1,0,0.0,115,0.0
1,0,0.0,116,0.0
1,0,0.0,117,1.0
1,0,0.0,118,0.0
1,0,0.0,119,0.0
1,0,0.0,120,1.0
1,0,0.0,121,0.0
1,0,0.0,122,1.0
1,0,0.0,123,0.0
1,0,0.0,124,1.0
1,0,0.0,125,1.0
1,0,0.0,126,3.0
1,0,0.0,127,5.0
1,0,0.0,128,4.0
1,0,0.0,129,0.0
1,0,0.0,130,0.0
1,0,0.0,131,0.0
1,0,0.0,132,2.0
1,0,0.0,133,1.0
1,0,0.0,134,2.0
1,0,0.0,135,2.0
1,0,0.0,136,0.0
1,0,0.0,137,1.0
1,0,0.0,138,2.0
1,0,0.0,139,0.0
1,0,0.0,140,0.0
1,0,0.0,141,1.0
1,0,0.0,142,0.0
1,0,0.0,143,1.0
1,0,0.0,144,0.0
1,0,0.0,145,0.0
1,0,0.0,146,0.0
1,0,0.0,147,1.0
1,0,0.0,148,0.0
1,0,0.0,149,1.0
1,0,0.0,150,3.0
1,0,0.0,151,1.0
1,0,0.0,152,0.0
1,0,0.0,153,0.0
1,0,0.0,154,1.0
1,0,0.0,155,0.0
1,0,0.0,156,1.0
1,0,0.0,157,0.0
1,0,0.0,158,3.0
1,0,0.0,159,4.0
1,0,0.0,160,3.0
1,0,0.0,161,3.0
1,0,0.0,162,0.0
1,0,0.0,163,0.0
1,0,0.0,164,0.0
1,0,0.0,165,2.0
1,0,0.0,166,2.0
1,0,0.0,167,1.0
1,0,0.0,168,1.0
1,0,0.0,169,0.0
1,0,0.0,170,9.0
1,0,0.0,171,0.0
1,0,0.0,172,2.0
1,0,0.0,173,2.0
1,0,0.0,174,1.0
1,0,0.0,175,2.0
1,0,0.0,176,3.0
1,0,0.0,177,2.0
1,0,0.0,178,1.0
1,0,0.0,179,2.0
1,0,0.0,180,10.0
1,0,0.0,181,7.0
1,0,0.0,182,0.0
1,0,0.0,183,1.0
1,0,0.0,184,5.0
1,0,0.0,185,9.0
1,0,0.0,186,5.0
1,0,0.0,187,3.0
1,0,0.0,188,5.0
1,0,0.0,189,9.0
1,0,0.0,190,2.0
1,0,0.0,191,4.0
1,0,0.0,192,10.0
1,0,0.0,193,6.0
1,0,0.0,194,3.0
1,0,0.0,195,4.0
1,0,0.0,196,18.0
1,0,0.0,197,54.0
1,0,0.0,198,13.0
1,0,0.0,199,4.0
1,0,0.0,200,11.0
1,0,0.0,201,26.0
1,0,0.0,202,7.0
1,0,0.0,203,1.0
1,0,0.0,204,2.0
1,0,0.0,205,13.0
1,0,0.0,206,23.0
1,0,0.0,207,10.0
1,0,0.0,208,2.0
1,0,0.0,209,4.0
1,24,6.0,0,0.0
1,24,6.0,1,0.0
1,24,6.0,2,0.0
1,24,6.0,3,0.0
1,24,6.0,4,0.0
1,24,6.0,5,0.0
1,24,6.0,6,0.0
1,24,6.0,7,0.0
1,24,6.0,8,1.0
1,24,6.0,9,1.0
1,24,6.0,10,0.0
1,24,6.0,11,0.0
1,24,6.0,12,0.0
1,24,6.0,13,0.0
1,24,6.0,14,1.0
1,24,6.0,15,1.0
1,24,6.0,16,0.0
1,24,6.0,17,0.0
1,24,6.0,18,0.0
1,24,6.0,19,3.0
1,24,6.0,20,3.0
1,24,6.0,21,1.0
1,24,6.0,22,4.0
1,24,6.0,23,0.0
1,24,6.0,24,0.0
1,24,6.0,25,1.0
1,24,6.0,26,0.0
1,24,6.0,27,0.0
1,24,6.0,28,0.0
1,24,6.0,29,0.0
1,24,6.0,30,2.0
1,24,6.0,31,1.0
1,24,6.0,32,0.0
1,24,6.0,33,1.0
1,24,6.0,34,0.0
1,24,6.0,35,0.0
1,24,6.0,36,2.0
1,24,6.0,37,1.0
1,24,6.0,38,0.0
1,24,6.0,39,2.0
1,24,6.0,40,0.0
1,24,6.0,41,1.0
1,24,6.0,42,0.0
1,24,6.0,43,0.0
1,24,6.0,44,1.0
1,24,6.0,45,0.0
1,24,6.0,46,0.0
1,24,6.0,47,1.0
1,24,6.0,48,0.0
1,24,6.0,49,0.0
1,24,6.0,50,0.0
1,24,6.0,51,0.0
1,24,6.0,52,0.0
1,24,6.0,53,3.0
1,24,6.0,54,0.0
1,24,6.0,55,1.0
1,24,6.0,56,0.0
1,24,6.0,57,0.0
1,24,6.0,58,0.0
1,24,6.0,59,0.0
1,24,6.0,60,0.0
1,24,6.0,61,1.0
1,24,6.0,62,0.0
1,24,6.0,63,1.0
1,24,6.0,64,0.0
1,24,6.0,65,4.0
1,24,6.0,66,14.0
1,24,6.0,67,2.0
1,24,6.0,68,0.0
1,24,6.0,69,0.0
1,24,6.0,70,1.0
1,24,6.0,71,0.0
1,24,6.0,72,0.0
1,24,6.0,73,3.0
1,24,6.0,74,2.0
1,24,6.0,75,2.0
1,24,6.0,76,0.0
1,24,6.0,77,1.0
1,24,6.0,78,2.0
1,24,6.0,79,10.0
1,24,6.0,80,9.0
1,24,6.0,81,4.0
1,24,6.0,82,3.0
1,24,6.0,83,3.0
1,24,6.0,84,2.0
1,24,6.0,85,0.0
1,24,6.0,86,2.0
1,24,6.0,87,5.0
1,24,6.0,88,2.0
1,24,6.0,89,5.0
1,24,6.0,90,3.0
1,24,6.0,91,3.0
1,24,6.0,92,3.0
1,24,6.0,93,5.0
1,24,6.0,94,7.0
1,24,6.0,95,5.0
1,24,6.0,96,1.0
1,24,6.0,97,0.0
1,24,6.0,98,1.0
1,24,6.0,99,1.0
1,24,6.0,100,5.0
1,24,6.0,101,2.0
1,24,6.0,102,1.0
1,24,6.0,103,4.0
1,24,6.0,104,2.0
1,24,6.0,105,6.0
1,24,6.0,106,9.0
1,24,6.0,107,17.0
1,24,6.0,108,2.0
1,24,6.0,109,1.0
1,24,6.0,110,1.0
1,24,6.0,111,4.0
1,24,6.0,112,8.0
1,24,6.0,113,1.0
1,24,6.0,114,0.0
1,24,6.0,115,0.0
1,24,6.0,116,4.0
1,24,6.0,117,14.0
1,24,6.0,118,3.0
1,24,6.0,119,4.0
1,24,6.0,120,2.0
1,24,6.0,121,2.0
1,24,6.0,122,4.0
1,24,6.0,123,7.0
1,24,6.0,124,3.0
1,24,6.0,125,2.0
1,24,6.0,126,7.0
1,24,6.0,127,9.0
1,24,6.0,128,10.0
1,24,6.0,129,4.0
1,24,6.0,130,0.0
1,24,6.0,131,0.0
1,24,6.0,132,2.0
1,24,6.0,133,16.0
1,24,6.0,134,11.0
1,24,6.0,135,4.0
1,24,6.0,136,4.0
1,24,6.0,137,4.0
1,24,6.0,138,9.0
1,24,6.0,139,5.0
1,24,6.0,140,4.0
1,24,6.0,141,12.0
1,24,6.0,142,7.0
1,24,6.0,143,16.0
1,24,6.0,144,18.0
1,24,6.0,145,6.0
1,24,6.0,146,6.0
1,24,6.0,147,6.0
1,24,6.0,148,0.0
1,24,6.0,149,8.0
1,24,6.0,150,4.0
1,24,6.0,151,0.0
1,24,6.0,152,7.0
1,24,6.0,153,6.0
1,24,6.0,154,5.0
1,24,6.0,155,5.0
1,24,6.0,156,3.0
1,24,6.0,157,8.0
1,24,6.0,158,6.0
1,24,6.0,159,9.0
1,24,6.0,160,8.0
1,24,6.0,161,11.0
1,24,6.0,162,9.0
1,24,6.0,163,4.0
1,24,6.0,164,3.0
1,24,6.0,165,14.0
1,24,6.0,166,7.0
1,24,6.0,167,6.0
1,24,6.0,168,7.0
1,24,6.0,169,5.0
1,24,6.0,170,11.0
1,24,6.0,171,3.0
1,24,6.0,172,7.0
1,24,6.0,173,7.0
1,24,6.0,174,7.0
1,24,6.0,175,10.0
1,24,6.0,176,6.0
1,24,6.0,177,15.0
1,24,6.0,178,6.0
1,24,6.0,179,8.0
1,24,6.0,180,9.0
1,24,6.0,181,11.0
1,24,6.0,182,0.0
1,24,6.0,183,2.0
1,24,6.0,184,2.0
1,24,6.0,185,8.0
1,24,6.0,186,10.0
1,24,6.0,187,9.0
1,24,6.0,188,8.0
1,24,6.0,189,17.0
1,24,6.0,190,9.0
1,24,6.0,191,7.0
1,24,6.0,192,14.0
1,24,6.0,193,12.0
1,24,6.0,194,7.0
1,24,6.0,195,7.0
1,24,6.0,196,19.0
1,24,6.0,197,45.0
1,24,6.0,198,15.0
1,24,6.0,199,15.0
1,24,6.0,200,9.0
1,24,6.0,201,17.0
1,24,6.0,202,14.0
1,24,6.0,203,3.0
1,24,6.0,204,3.0
1,24,6.0,205,22.0
1,24,6.0,206,31.0
1,24,6.0,207,18.0
1,24,6.0,208,4.0
1,24,6.0,209,47.0
1,48,12.0,0,2.0
1,48,12.0,1,1.0
1,48,12.0,2,0.0
1,48,12.0,3,0.0
1,48,12.0,4,0.0
1,48,12.0,5,0.0
1,48,12.0,6,0.0
1,48,12.0,7,1.0
1,48,12.0,8,3.0
1,48,12.0,9,4.0
1,48,12.0,10,0.0
1,48,12.0,11,1.0
1,48,12.0,12,2.0
1,48,12.0,13,0.0
1,48,12.0,14,0.0
1,48,12.0,15,1.0
1,48,12.0,16,1.0
1,48,12.0,17,0.0
1,48,12.0,18,1.0
1,48,12.0,19,5.0
1,48,12.0,20,9.0
1,48,12.0,21,2.0
1,48,12.0,22,3.0
1,48,12.0,23,1.0
1,48,12.0,24,0.0
1,48,12.0,25,0.0
1,48,12.0,26,0.0
1,48,12.0,27,0.0
1,48,12.0,28,0.0
1,48,12.0,29,0.0
1,48,12.0,30,4.0
1,48,12.0,31,2.0
1,48,12.0,32,2.0
1,48,12.0,33,1.0
1,48,12.0,34,0.0
1,48,12.0,35,1.0
1,48,12.0,36,2.0
1,48,12.0,37,0.0
1,48,12.0,38,0.0
1,48,12.0,39,2.0
1,48,12.0,40,8.0
1,48,12.0,41,6.0
1,48,12.0,42,1.0
1,48,12.0,43,2.0
1,48,12.0,44,7.0
1,48,12.0,45,1.0
1,48,12.0,46,0.0
1,48,12.0,47,0.0
1,48,12.0,48,0.0
1,48,12.0,49,0.0
1,48,12.0,50,1.0
1,48,12.0,51,0.0
1,48,12.0,52,1.0
1,48,12.0,53,21.0
1,48,12.0,54,0.0
1,48,12.0,55,1.0
1,48,12.0,56,4.0
1,48,12.0,57,3.0
1,48,12.0,58,0.0
1,48,12.0,59,3.0
1,48,12.0,60,1.0
1,48,12.0,61,2.0
1,48,12.0,62,1.0
1,48,12.0,63,0.0
1,48,12.0,64,1.0
1,48,12.0,65,4.0
1,48,12.0,66,42.0
1,48,12.0,67,9.0
1,48,12.0,68,4.0
1,48,12.0,69,2.0
1,48,12.0,70,4.0
1,48,12.0,71,3.0
1,48,12.0,72,2.0
1,48,12.0,73,15.0
1,48,12.0,74,4.0
1,48,12.0,75,4.0
1,48,12.0,76,0.0
1,48,12.0,77,3.0
1,48,12.0,78,6.0
1,48,12.0,79,10.0
1,48,12.0,80,13.0
1,48,12.0,81,14.0
1,48,12.0,82,18.0
1,48,12.0,83,3.0
1,48,12.0,84,22.0
1,48,12.0,85,11.0
1,48,12.0,86,3.0
1,48,12.0,87,25.0
1,48,12.0,88,8.0
1,48,12.0,89,17.0
1,48,12.0,90,9.0
1,48,12.0,91,10.0
1,48,12.0,92,13.0
1,48,12.0,93,8.0
1,48,12.0,94,18.0
1,48,12.0,95,5.0
1,48,12.0,96,1.0
1,48,12.0,97,0.0
1,48,12.0,98,4.0
1,48,12.0,99,7.0
1,48,12.0,100,19.0
1,48,12.0,101,6.0
1,48,12.0,102,10.0
1,48,12.0,103,15.0
1,48,12.0,104,5.0
1,48,12.0,105,20.0
1,48,12.0,106,14.0
1,48,12.0,107,45.0
1,48,12.0,108,2.0
1,48,12.0,109,10.0
1,48,12.0,110,7.0
1,48,12.0,111,19.0
1,48,12.0,112,31.0
1,48,12.0,113,4.0
1,48,12.0,114,0.0
1,48,12.0,115,2.0
1,48,12.0,116,25.0
1,48,12.0,117,73.0
1,48,12.0,118,16.0
1,48,12.0,119,13.0
1,48,12.0,120,17.0
1,48,12.0,121,7.0
1,48,12.0,122,38.0
1,48,12.0,123,16.0
1,48,12.0,124,18.0
1,48,12.0,125,5.0
1,48,12.0,126,19.0
1,48,12.0,127,62.0
1,48,12.0,128,24.0
1,48,12.0,129,15.0
1,48,12.0,130,0.0
1,48,12.0,131,2.0
1,48,12.0,132,10.0
1,48,12.0,133,25.0
1,48,12.0,134,22.0
1,48,12.0,135,20.0
1,48,12.0,136,28.0
1,48,12.0,137,10.0
1,48,12.0,138,27.0
1,48,12.0,139,13.0
1,48,12.0,140,14.0
1,48,12.0,141,19.0
1,48,12.0,142,14.0
1,48,12.0,143,26.0
1,48,12.0,144,29.0
1,48,12.0,145,15.0
1,48,12.0,146,22.0
1,48,12.0,147,10.0
1,48,12.0,148,2.0
1,48,12.0,149,12.0
1,48,12.0,150,17.0
1,48,12.0,151,7.0
1,48,12.0,152,28.0
1,48,12.0,153,15.0
1,48,12.0,154,33.0
1,48,12.0,155,8.0
1,48,12.0,156,15.0
1,48,12.0,157,29.0
1,48,12.0,158,14.0
1,48,12.0,159,37.0
1,48,12.0,160,26.0
1,48,12.0,161,20.0
1,48,12.0,162,15.0
1,48,12.0,163,33.0
1,48,12.0,164,9.0
1,48,12.0,165,67.0
1,48,12.0,166,43.0
1,48,12.0,167,34.0
1,48,12.0,168,28.0
1,48,12.0,169,25.0
1,48,12.0,170,29.0
1,48,12.0,171,12.0
1,48,12.0,172,28.0
1,48,12.0,173,19.0
1,48,12.0,174,20.0
1,48,12.0,175,30.0
1,48,12.0,176,21.0
1,48,12.0,177,33.0
1,48,12.0,178,18.0
1,48,12.0,179,22.0
1,48,12.0,180,54.0
1,48,12.0,181,44.0
1,48,12.0,182,13.0
1,48,12.0,183,8.0
1,48,12.0,184,19.0
1,48,12.0,185,15.0
1,48,12.0,186,20.0
1,48,12.0,187,18.0
1,48,12.0,188,18.0
1,48,12.0,189,45.0
1,48,12.0,190,15.0
1,48,12.0,191,25.0
1,48,12.0,192,50.0
1,48,12.0,193,37.0
1,48,12.0,194,34.0
1,48,12.0,195,21.0
1,48,12.0,196,68.0
1,48,12.0,197,97.0
1,48,12.0,198,32.0
1,48,12.0,199,28.0
1,48,12.0,200,24.0
1,48,12.0,201,57.0
1,48,12.0,202,26.0
1,48,12.0,203,9.0
1,48,12.0,204,22.0
1,48,12.0,205,61.0
1,48,12.0,206,100.0
1,48,12.0,207,48.0
1,48,12.0,208,16.0
1,48,12.0,209,61.0
1,72,18.0,0,1.0
1,72,18.0,1,1.0
1,72,18.0,2,0.0
1,72,18.0,3,1.0
1,72,18.0,4,1.0
1,72,18.0,5,0.0
1,72,18.0,6,1.0
1,72,18.0,7,0.0
1,72,18.0,8,5.0
1,72,18.0,9,7.0
1,72,18.0,10,0.0
1,72,18.0,11,0.0
1,72,18.0,12,3.0
1,72,18.0,13,1.0
1,72,18.0,14,4.0
1,72,18.0,15,1.0
1,72,18.0,16,1.0
1,72,18.0,17,1.0
1,72,18.0,18,1.0
1,72,18.0,19,18.0
1,72,18.0,20,18.0
1,72,18.0,21,2.0
1,72,18.0,22,6.0
1,72,18.0,23,4.0
1,72,18.0,24,0.0
1,72,18.0,25,3.0
1,72,18.0,26,3.0
1,72,18.0,27,0.0
1,72,18.0,28,2.0
1,72,18.0,29,3.0
1,72,18.0,30,11.0
1,72,18.0,31,4.0
1,72,18.0,32,1.0
1,72,18.0,33,3.0
1,72,18.0,34,2.0
1,72,18.0,35,3.0
1,72,18.0,36,5.0
1,72,18.0,37,0.0
1,72,18.0,38,1.0
1,72,18.0,39,2.0
1,72,18.0,40,9.0
1,72,18.0,41,12.0
1,72,18.0,42,2.0
1,72,18.0,43,5.0
1,72,18.0,44,13.0
1,72,18.0,45,3.0
1,72,18.0,46,0.0
1,72,18.0,47,0.0
1,72,18.0,48,0.0
1,72,18.0,49,1.0
1,72,18.0,50,2.0
1,72,18.0,51,2.0
1,72,18.0,52,1.0
1,72,18.0,53,21.0
1,72,18.0,54,0.0
1,72,18.0,55,1.0
1,72,18.0,56,9.0
1,72,18.0,57,5.0
1,72,18.0,58,1.0
1,72,18.0,59,4.0
1,72,18.0,60,2.0
1,72,18.0,61,1.0
1,72,18.0,62,0.0
1,72,18.0,63,0.0
1,72,18.0,64,1.0
1,72,18.0,65,12.0
1,72,18.0,66,67.0
1,72,18.0,67,20.0
1,72,18.0,68,8.0
1,72,18.0,69,0.0
1,72,18.0,70,9.0
1,72,18.0,71,3.0
1,72,18.0,72,4.0
1,72,18.0,73,18.0
1,72,18.0,74,9.0
1,72,18.0,75,7.0
1,72,18.0,76,1.0
1,72,18.0,77,6.0
1,72,18.0,78,4.0
1,72,18.0,79,14.0
1,72,18.0,80,24.0
1,72,18.0,81,24.0
1,72,18.0,82,50.0
1,72,18.0,83,8.0
1,72,18.0,84,39.0
1,72,18.0,85,17.0
1,72,18.0,86,8.0
1,72,18.0,87,31.0
1,72,18.0,88,9.0
1,72,18.0,89,21.0
1,72,18.0,90,25.0
1,72,18.0,91,18.0
1,72,18.0,92,20.0
1,72,18.0,93,13.0
1,72,18.0,94,30.0
1,72,18.0,95,2.0
1,72,18.0,96,1.0
1,72,18.0,97,0.0
1,72,18.0,98,7.0
1,72,18.0,99,14.0
1,72,18.0,100,22.0
1,72,18.0,101,5.0
1,72,18.0,102,13.0
1,72,18.0,103,19.0
1,72,18.0,104,5.0
1,72,18.0,105,22.0
1,72,18.0,106,15.0
1,72,18.0,107,47.0
1,72,18.0,108,14.0
1,72,18.0,109,16.0
1,72,18.0,110,10.0
1,72,18.0,111,19.0
1,72,18.0,112,36.0
1,72,18.0,113,3.0
1,72,18.0,114,1.0
1,72,18.0,115,1.0
1,72,18.0,116,26.0
1,72,18.0,117,65.0
1,72,18.0,118,18.0
1,72,18.0,119,10.0
1,72,18.0,120,21.0
1,72,18.0,121,7.0
1,72,18.0,122,42.0
1,72,18.0,123,12.0
1,72,18.0,124,22.0
1,72,18.0,125,13.0
1,72,18.0,126,27.0
1,72,18.0,127,93.0
1,72,18.0,128,38.0
1,72,18.0,129,18.0
1,72,18.0,130,0.0
1,72,18.0,131,3.0
1,72,18.0,132,17.0
1,72,18.0,133,31.0
1,72,18.0,134,33.0
1,72,18.0,135,19.0
1,72,18.0,136,33.0
1,72,18.0,137,17.0
1,72,18.0,138,33.0
1,72,18.0,139,10.0
1,72,18.0,140,24.0
1,72,18.0,141,24.0
1,72,18.0,142,14.0
1,72,18.0,143,26.0
1,72,18.0,144,33.0
1,72,18.0,145,18.0
1,72,18.0,146,33.0
1,72,18.0,147,17.0
1,72,18.0,148,3.0
1,72,18.0,149,23.0
1,72,18.0,150,29.0
1,72,18.0,151,14.0
1,72,18.0,152,34.0
1,72,18.0,153,18.0
1,72,18.0,154,33.0
1,72,18.0,155,10.0
1,72,18.0,156,21.0
1,72,18.0,157,51.0
1,72,18.0,158,20.0
1,72,18.0,159,52.0
1,72,18.0,160,28.0
1,72,18.0,161,29.0
1,72,18.0,162,41.0
1,72,18.0,163,27.0
1,72,18.0,164,19.0
1,72,18.0,165,55.0
1,72,18.0,166,41.0
1,72,18.0,167,37.0
1,72,18.0,168,43.0
1,72,18.0,169,20.0
1,72,18.0,170,31.0
1,72,18.0,171,10.0
1,72,18.0,172,44.0
1,72,18.0,173,26.0
1,72,18.0,174,34.0
1,72,18.0,175,40.0
1,72,18.0,176,33.0
1,72,18.0,177,62.0
1,72,18.0,178,27.0
1,72,18.0,179,17.0
1,72,18.0,180,65.0
1,72,18.0,181,44.0
1,72,18.0,182,19.0
1,72,18.0,183,11.0
1,72,18.0,184,26.0
1,72,18.0,185,22.0
1,72,18.0,186,27.0
1,72,18.0,187,36.0
1,72,18.0,188,27.0
1,72,18.0,189,62.0
1,72,18.0,190,27.0
1,72,18.0,191,29.0
1,72,18.0,192,53.0
1,72,18.0,193,41.0
1,72,18.0,194,36.0
1,72,18.0,195,40.0
1,72,18.0,196,86.0
1,72,18.0,197,150.0
1,72,18.0,198,44.0
1,72,18.0,199,25.0
1,72,18.0,200,33.0
1,72,18.0,201,55.0
1,72,18.0,202,42.0
1,72,18.0,203,17.0
1,72,18.0,204,27.0
1,72,18.0,205,84.0
1,72,18.0,206,122.0
1,72,18.0,207,58.0
1,72,18.0,208,22.0
1,72,18.0,209,51.0
