time_index,elapsed_hours,study_day,hour_within_day,total_active_population,mean_cell_active_population,median_cell_active_population,max_cell_active_population,active_cell_count
0,0.0,1,0.0,371.0,1.7666666666666666,0.0,54.0,83
1,0.25,1,0.25,444.0,2.1142857142857143,1.0,54.0,111
2,0.5,1,0.5,340.0,1.619047619047619,0.0,33.0,102
3,0.75,1,0.75,274.0,1.3047619047619048,0.0,33.0,93
4,1.0,1,1.0,229.0,1.0904761904761904,0.0,29.0,85
5,1.25,1,1.25,194.0,0.9238095238095239,0.0,29.0,70
6,1.5,1,1.5,175.0,0.8333333333333334,0.0,30.0,67
7,1.75,1,1.75,163.0,0.7761904761904762,0.0,30.0,60
8,2.0,1,2.0,164.0,0.780952380952381,0.0,30.0,60
9,2.25,1,2.25,172.0,0.819047619047619,0.0,28.0,58
10,2.5,1,2.5,149.0,0.7095238095238096,0.0,24.0,57
11,2.75,1,2.75,125.0,0.5952380952380952,0.0,17.0,54
12,3.0,1,3.0,105.0,0.5,0.0,10.0,56
13,3.25,1,3.25,111.0,0.5285714285714286,0.0,10.0,56
14,3.5,1,3.5,115.0,0.5476190476190477,0.0,10.0,62
15,3.75,1,3.75,129.0,0.6142857142857143,0.0,12.0,66
16,4.0,1,4.0,145.0,0.6904761904761905,0.0,12.0,71
17,4.25,1,4.25,207.0,0.9857142857142858,0.0,13.0,82
18,4.5,1,4.5,298.0,1.4190476190476191,0.0,14.0,94
19,4.75,1,4.75,373.0,1.776190476190476,1.0,17.0,110
20,5.0,1,5.0,428.0,2.038095238095238,1.0,20.0,120
21,5.25,1,5.25,524.0,2.4952380952380953,1.0,25.0,131
22,5.5,1,5.5,784.0,3.7333333333333334,1.0,42.0,137
23,5.75,1,5.75,880.0,4.190476190476191,2.0,47.0,148
24,6.0,1,6.0,1016.0,4.838095238095238,3.0,47.0,153
25,6.25,1,6.25,1256.0,5.980952380952381,4.0,69.0,166
26,6.5,1,6.5,1759.0,8.376190476190477,5.0,90.0,176
27,6.75,1,6.75,2426.0,11.552380952380952,7.0,123.0,183
28,7.0,1,7.0,3012.0,14.342857142857143,8.0,125.0,188
29,7.25,1,7.25,3524.0,16.78095238095238,11.0,130.0,197
30,7.5,1,7.5,3879.0,18.47142857142857,14.0,153.0,197
31,7.75,1,7.75,4129.0,19.66190476190476,14.0,154.0,196
32,8.0,1,8.0,3931.0,18.71904761904762,12.0,179.0,194
33,8.25,1,8.25,3538.0,16.847619047619048,11.0,179.0,188
34,8.5,1,8.5,3287.0,15.652380952380952,10.0,153.0,183
35,8.75,1,8.75,3031.0,14.433333333333334,10.0,141.0,182
36,9.0,1,9.0,2803.0,13.347619047619048,10.0,123.0,179
37,9.25,1,9.25,2766.0,13.17142857142857,10.0,115.0,180
38,9.5,1,9.5,2608.0,12.41904761904762,9.0,111.0,181
39,9.75,1,9.75,2577.0,12.271428571428572,8.0,107.0,179
40,10.0,1,10.0,2501.0,11.90952380952381,8.0,107.0,182
41,10.25,1,10.25,2536.0,12.076190476190476,8.0,96.0,177
42,10.5,1,10.5,2572.0,12.247619047619047,8.0,96.0,181
43,10.75,1,10.75,2622.0,12.485714285714286,9.0,101.0,180
44,11.0,1,11.0,2744.0,13.066666666666666,9.0,104.0,182
45,11.25,1,11.25,2802.0,13.342857142857143,9.0,103.0,177
46,11.5,1,11.5,2977.0,14.176190476190476,10.0,103.0,176
47,11.75,1,11.75,3116.0,14.838095238095239,10.0,99.0,180
48,12.0,1,12.0,3133.0,14.91904761904762,10.0,100.0,180
49,12.25,1,12.25,3175.0,15.119047619047619,11.0,114.0,183
50,12.5,1,12.5,3184.0,15.161904761904761,10.5,114.0,179
51,12.75,1,12.75,3177.0,15.128571428571428,11.0,110.0,182
52,13.0,1,13.0,3137.0,14.938095238095238,10.5,97.0,179
53,13.25,1,13.25,3056.0,14.552380952380952,9.0,97.0,181
54,13.5,1,13.5,3132.0,14.914285714285715,10.0,97.0,186
55,13.75,1,13.75,3264.0,15.542857142857143,10.0,113.0,188
56,14.0,1,14.0,3581.0,17.052380952380954,11.5,113.0,186
57,14.25,1,14.25,3955.0,18.833333333333332,12.0,113.0,186
58,14.5,1,14.5,4279.0,20.376190476190477,14.0,111.0,188
59,14.75,1,14.75,4598.0,21.895238095238096,15.0,131.0,196
60,15.0,1,15.0,4934.0,23.495238095238093,17.0,148.0,198
61,15.25,1,15.25,5085.0,24.214285714285715,17.5,148.0,197
62,15.5,1,15.5,5136.0,24.457142857142856,18.5,148.0,200
63,15.75,1,15.75,5024.0,23.923809523809524,18.0,147.0,197
64,16.0,1,16.0,4882.0,23.247619047619047,18.0,147.0,190
65,16.25,1,16.25,4821.0,22.957142857142856,18.0,172.0,192
66,16.5,1,16.5,4799.0,22.85238095238095,18.0,164.0,194
67,16.75,1,16.75,4800.0,22.857142857142858,18.0,167.0,199
68,17.0,1,17.0,4755.0,22.642857142857142,17.5,164.0,196
69,17.25,1,17.25,4716.0,22.457142857142856,18.0,161.0,194
70,17.5,1,17.5,4512.0,21.485714285714284,17.0,150.0,196
71,17.75,1,17.75,4295.0,20.452380952380953,17.0,148.0,193
72,18.0,1,18.0,4156.0,19.79047619047619,15.5,150.0,193
73,18.25,1,18.25,3805.0,18.11904761904762,13.0,160.0,190
74,18.5,1,18.5,3485.0,16.595238095238095,12.0,160.0,193
75,18.75,1,18.75,3185.0,15.166666666666666,11.0,136.0,186
76,19.0,1,19.0,2840.0,13.523809523809524,9.0,98.0,186
77,19.25,1,19.25,2686.0,12.790476190476191,9.0,83.0,181
78,19.5,1,19.5,2491.0,11.861904761904762,8.5,78.0,175
79,19.75,1,19.75,2394.0,11.4,9.0,71.0,174
80,20.0,1,20.0,2195.0,10.452380952380953,8.0,71.0,172
81,20.25,1,20.25,2085.0,9.928571428571429,7.0,68.0,176
82,20.5,1,20.5,1926.0,9.17142857142857,7.0,78.0,170
83,20.75,1,20.75,1813.0,8.633333333333333,6.0,62.0,167
84,21.0,1,21.0,1652.0,7.866666666666666,6.0,62.0,168
85,21.25,1,21.25,1515.0,7.214285714285714,5.0,79.0,169
86,21.5,1,21.5,1347.0,6.414285714285715,4.0,108.0,161
87,21.75,1,21.75,1210.0,5.761904761904762,4.0,108.0,163
88,22.0,1,22.0,1045.0,4.976190476190476,3.0,61.0,152
89,22.25,1,22.25,883.0,4.204761904761905,2.0,59.0,143
90,22.5,1,22.5,708.0,3.3714285714285714,2.0,38.0,134
91,22.75,1,22.75,588.0,2.8,1.0,34.0,124
92,23.0,1,23.0,490.0,2.3333333333333335,1.0,32.0,118
93,23.25,1,23.25,402.0,1.9142857142857144,1.0,21.0,111
94,23.5,1,23.5,371.0,1.7666666666666666,1.0,25.0,110
95,23.75,1,23.75,357.0,1.7,1.0,25.0,106
96,24.0,2,0.0,297.0,1.4142857142857144,0.0,25.0,98
97,24.25,2,0.25,221.0,1.0523809523809524,0.0,14.0,88
98,24.5,2,0.5,175.0,0.8333333333333334,0.0,12.0,75
99,24.75,2,0.75,168.0,0.8,0.0,10.0,82
100,25.0,2,1.0,146.0,0.6952380952380952,0.0,9.0,68
101,25.25,2,1.25,141.0,0.6714285714285714,0.0,8.0,72
102,25.5,2,1.5,130.0,0.6190476190476191,0.0,8.0,67
103,25.75,2,1.75,118.0,0.5619047619047619,0.0,7.0,63
104,26.0,2,2.0,108.0,0.5142857142857142,0.0,7.0,65
105,26.25,2,2.25,98.0,0.4666666666666667,0.0,5.0,64
106,26.5,2,2.5,86.0,0.4095238095238095,0.0,5.0,55
107,26.75,2,2.75,76.0,0.3619047619047619,0.0,4.0,52
108,27.0,2,3.0,78.0,0.37142857142857144,0.0,4.0,55
109,27.25,2,3.25,84.0,0.4,0.0,5.0,53
110,27.5,2,3.5,101.0,0.48095238095238096,0.0,5.0,61
111,27.75,2,3.75,126.0,0.6,0.0,12.0,61
112,28.0,2,4.0,156.0,0.7428571428571429,0.0,12.0,74
113,28.25,2,4.25,201.0,0.9571428571428572,0.0,16.0,82
114,28.5,2,4.5,265.0,1.2619047619047619,0.0,16.0,94
115,28.75,2,4.75,316.0,1.5047619047619047,0.0,16.0,104
116,29.0,2,5.0,392.0,1.8666666666666667,1.0,19.0,119
117,29.25,2,5.25,523.0,2.4904761904761905,1.0,23.0,126
118,29.5,2,5.5,796.0,3.7904761904761903,2.0,37.0,141
119,29.75,2,5.75,955.0,4.5476190476190474,2.0,42.0,145
120,30.0,2,6.0,1097.0,5.223809523809524,3.0,51.0,159
121,30.25,2,6.25,1345.0,6.404761904761905,4.0,65.0,165
122,30.5,2,6.5,1790.0,8.523809523809524,5.5,88.0,178
123,30.75,2,6.75,2387.0,11.366666666666667,8.0,113.0,187
124,31.0,2,7.0,3001.0,14.290476190476191,10.0,125.0,193
125,31.25,2,7.25,3722.0,17.723809523809525,12.5,129.0,197
126,31.5,2,7.5,4216.0,20.076190476190476,15.5,156.0,197
127,31.75,2,7.75,4375.0,20.833333333333332,15.0,161.0,198
128,32.0,2,8.0,4077.0,19.414285714285715,14.0,166.0,193
129,32.25,2,8.25,3685.0,17.547619047619047,13.0,166.0,185
130,32.5,2,8.5,3438.0,16.37142857142857,10.5,165.0,184
131,32.75,2,8.75,3081.0,14.67142857142857,10.0,111.0,186
132,33.0,2,9.0,2797.0,13.31904761904762,10.0,101.0,186
133,33.25,2,9.25,2595.0,12.357142857142858,9.0,99.0,186
134,33.5,2,9.5,2499.0,11.9,8.5,99.0,182
135,33.75,2,9.75,2435.0,11.595238095238095,8.0,91.0,178
136,34.0,2,10.0,2373.0,11.3,8.5,87.0,180
137,34.25,2,10.25,2380.0,11.333333333333334,9.0,85.0,175
138,34.5,2,10.5,2454.0,11.685714285714285,9.0,85.0,181
139,34.75,2,10.75,2599.0,12.376190476190477,9.0,95.0,173
140,35.0,2,11.0,2754.0,13.114285714285714,9.5,111.0,176
141,35.25,2,11.25,2855.0,13.595238095238095,10.0,111.0,183
142,35.5,2,11.5,3001.0,14.290476190476191,10.0,95.0,185
143,35.75,2,11.75,3087.0,14.7,10.0,94.0,187
144,36.0,2,12.0,3164.0,15.066666666666666,10.0,96.0,183
145,36.25,2,12.25,3202.0,15.247619047619047,10.5,108.0,183
146,36.5,2,12.5,3300.0,15.714285714285714,11.0,115.0,186
147,36.75,2,12.75,3235.0,15.404761904761905,10.5,115.0,181
148,37.0,2,13.0,3144.0,14.971428571428572,10.5,115.0,177
149,37.25,2,13.25,3094.0,14.733333333333333,11.0,99.0,179
150,37.5,2,13.5,3153.0,15.014285714285714,10.0,96.0,180
151,37.75,2,13.75,3332.0,15.866666666666667,10.0,106.0,186
152,38.0,2,14.0,3598.0,17.133333333333333,11.0,107.0,187
153,38.25,2,14.25,3955.0,18.833333333333332,13.0,116.0,190
154,38.5,2,14.5,4320.0,20.571428571428573,15.0,117.0,188
155,38.75,2,14.75,4654.0,22.16190476190476,17.5,122.0,194
156,39.0,2,15.0,4879.0,23.233333333333334,18.5,138.0,201
157,39.25,2,15.25,5192.0,24.723809523809525,19.5,156.0,197
158,39.5,2,15.5,5325.0,25.357142857142858,19.5,160.0,198
159,39.75,2,15.75,5308.0,25.276190476190475,19.5,156.0,200
160,40.0,2,16.0,5153.0,24.538095238095238,18.0,153.0,199
161,40.25,2,16.25,5150.0,24.523809523809526,18.0,153.0,199
162,40.5,2,16.5,5184.0,24.685714285714287,18.5,177.0,198
163,40.75,2,16.75,5269.0,25.090476190476192,20.5,177.0,200
164,41.0,2,17.0,5269.0,25.090476190476192,21.0,163.0,201
165,41.25,2,17.25,5136.0,24.457142857142856,21.0,162.0,199
166,41.5,2,17.5,4900.0,23.333333333333332,18.5,136.0,196
167,41.75,2,17.75,4607.0,21.938095238095237,17.0,126.0,192
168,42.0,2,18.0,4304.0,20.495238095238093,16.0,124.0,191
169,42.25,2,18.25,3946.0,18.79047619047619,14.0,113.0,189
170,42.5,2,18.5,3539.0,16.85238095238095,13.0,111.0,184
171,42.75,2,18.75,3246.0,15.457142857142857,11.5,92.0,184
172,43.0,2,19.0,3042.0,14.485714285714286,11.0,91.0,184
173,43.25,2,19.25,2866.0,13.647619047619047,10.0,81.0,182
174,43.5,2,19.5,2620.0,12.476190476190476,9.0,79.0,175
175,43.75,2,19.75,2455.0,11.69047619047619,8.0,76.0,181
176,44.0,2,20.0,2283.0,10.871428571428572,8.0,73.0,184
177,44.25,2,20.25,2117.0,10.08095238095238,7.0,73.0,178
178,44.5,2,20.5,1942.0,9.247619047619047,7.0,55.0,167
179,44.75,2,20.75,1799.0,8.566666666666666,6.0,55.0,166
180,45.0,2,21.0,1664.0,7.923809523809524,6.0,56.0,166
181,45.25,2,21.25,1481.0,7.052380952380952,5.0,56.0,163
182,45.5,2,21.5,1298.0,6.180952380952381,4.5,48.0,159
183,45.75,2,21.75,1131.0,5.385714285714286,3.5,48.0,155
184,46.0,2,22.0,1007.0,4.795238095238095,3.0,46.0,154
185,46.25,2,22.25,844.0,4.019047619047619,2.0,41.0,148
186,46.5,2,22.5,742.0,3.533333333333333,2.0,46.0,143
187,46.75,2,22.75,611.0,2.9095238095238094,2.0,40.0,141
188,47.0,2,23.0,508.0,2.419047619047619,1.0,38.0,128
189,47.25,2,23.25,427.0,2.033333333333333,1.0,34.0,111
190,47.5,2,23.5,314.0,1.4952380952380953,0.0,22.0,101
191,47.75,2,23.75,316.0,1.5047619047619047,0.0,20.0,101
192,48.0,3,0.0,261.0,1.2428571428571429,0.0,19.0,97
193,48.25,3,0.25,222.0,1.0571428571428572,0.0,14.0,87
194,48.5,3,0.5,170.0,0.8095238095238095,0.0,14.0,76
195,48.75,3,0.75,153.0,0.7285714285714285,0.0,9.0,72
196,49.0,3,1.0,127.0,0.6047619047619047,0.0,12.0,63
197,49.25,3,1.25,114.0,0.5428571428571428,0.0,9.0,62
198,49.5,3,1.5,102.0,0.4857142857142857,0.0,6.0,54
199,49.75,3,1.75,98.0,0.4666666666666667,0.0,6.0,55
200,50.0,3,2.0,104.0,0.49523809523809526,0.0,5.0,59
201,50.25,3,2.25,89.0,0.4238095238095238,0.0,7.0,53
202,50.5,3,2.5,79.0,0.3761904761904762,0.0,6.0,51
203,50.75,3,2.75,75.0,0.35714285714285715,0.0,4.0,48
204,51.0,3,3.0,78.0,0.37142857142857144,0.0,4.0,52
205,51.25,3,3.25,82.0,0.3904761904761905,0.0,5.0,51
206,51.5,3,3.5,93.0,0.44285714285714284,0.0,5.0,58
207,51.75,3,3.75,103.0,0.49047619047619045,0.0,5.0,61
208,52.0,3,4.0,134.0,0.638095238095238,0.0,5.0,74
209,52.25,3,4.25,188.0,0.8952380952380953,0.0,9.0,89
210,52.5,3,4.5,267.0,1.2714285714285714,0.0,15.0,101
211,52.75,3,4.75,334.0,1.5904761904761904,1.0,15.0,109
212,53.0,3,5.0,425.0,2.0238095238095237,1.0,19.0,119
213,53.25,3,5.25,575.0,2.738095238095238,1.0,27.0,130
214,53.5,3,5.5,799.0,3.8047619047619046,1.5,42.0,139
215,53.75,3,5.75,956.0,4.552380952380952,2.0,53.0,145
216,54.0,3,6.0,1117.0,5.319047619047619,3.0,57.0,158
217,54.25,3,6.25,1376.0,6.552380952380952,4.0,70.0,169
218,54.5,3,6.5,1891.0,9.004761904761905,5.5,103.0,175
219,54.75,3,6.75,2669.0,12.709523809523809,9.0,115.0,183
220,55.0,3,7.0,3319.0,15.804761904761905,10.0,127.0,186
221,55.25,3,7.25,4022.0,19.152380952380952,13.0,134.0,192
222,55.5,3,7.5,4536.0,21.6,17.0,173.0,198
223,55.75,3,7.75,4706.0,22.409523809523808,17.0,175.0,196
224,56.0,3,8.0,4336.0,20.64761904761905,14.0,175.0,194
225,56.25,3,8.25,3836.0,18.266666666666666,12.0,171.0,189
226,56.5,3,8.5,3536.0,16.83809523809524,12.0,170.0,184
227,56.75,3,8.75,3168.0,15.085714285714285,12.0,149.0,185
228,57.0,3,9.0,3041.0,14.480952380952381,11.0,165.0,184
229,57.25,3,9.25,2750.0,13.095238095238095,10.0,150.0,183
230,57.5,3,9.5,2601.0,12.385714285714286,8.0,165.0,181
231,57.75,3,9.75,2492.0,11.866666666666667,8.0,165.0,178
232,58.0,3,10.0,2437.0,11.604761904761904,8.0,165.0,183
233,58.25,3,10.25,2295.0,10.928571428571429,8.0,94.0,184
234,58.5,3,10.5,2370.0,11.285714285714286,8.0,91.0,184
235,58.75,3,10.75,2531.0,12.052380952380952,8.0,93.0,179
236,59.0,3,11.0,2690.0,12.80952380952381,9.0,121.0,187
237,59.25,3,11.25,2868.0,13.657142857142857,9.5,138.0,183
238,59.5,3,11.5,3026.0,14.40952380952381,9.0,138.0,182
239,59.75,3,11.75,3134.0,14.923809523809524,9.5,147.0,183
240,60.0,3,12.0,3241.0,15.433333333333334,10.0,191.0,182
241,60.25,3,12.25,3275.0,15.595238095238095,10.0,191.0,177
242,60.5,3,12.5,3259.0,15.519047619047619,10.0,143.0,174
243,60.75,3,12.75,3187.0,15.176190476190476,10.0,122.0,182
244,61.0,3,13.0,3124.0,14.876190476190477,9.5,113.0,182
245,61.25,3,13.25,3082.0,14.676190476190476,9.0,113.0,186
246,61.5,3,13.5,3172.0,15.104761904761904,10.0,114.0,179
247,61.75,3,13.75,3395.0,16.166666666666668,9.5,118.0,182
248,62.0,3,14.0,3766.0,17.933333333333334,12.0,142.0,183
249,62.25,3,14.25,4178.0,19.895238095238096,13.5,154.0,187
250,62.5,3,14.5,4540.0,21.61904761904762,14.0,158.0,187
251,62.75,3,14.75,4654.0,22.16190476190476,17.0,169.0,192
252,63.0,3,15.0,4911.0,23.385714285714286,18.5,169.0,198
253,63.25,3,15.25,5130.0,24.428571428571427,19.0,169.0,200
254,63.5,3,15.5,5216.0,24.83809523809524,19.0,179.0,193
255,63.75,3,15.75,5185.0,24.69047619047619,18.5,179.0,195
256,64.0,3,16.0,5188.0,24.704761904761906,18.5,179.0,198
257,64.25,3,16.25,5277.0,25.12857142857143,19.5,193.0,202
258,64.5,3,16.5,5357.0,25.50952380952381,21.0,206.0,203
259,64.75,3,16.75,5277.0,25.12857142857143,19.5,206.0,202
260,65.0,3,17.0,5176.0,24.64761904761905,20.0,185.0,199
261,65.25,3,17.25,5102.0,24.295238095238094,19.0,167.0,198
262,65.5,3,17.5,5019.0,23.9,20.0,165.0,194
263,65.75,3,17.75,4876.0,23.21904761904762,18.0,165.0,195
264,66.0,3,18.0,4678.0,22.276190476190475,17.0,165.0,196
265,66.25,3,18.25,4452.0,21.2,17.0,178.0,193
266,66.5,3,18.5,4124.0,19.63809523809524,15.5,163.0,192
267,66.75,3,18.75,3759.0,17.9,12.0,147.0,188
268,67.0,3,19.0,3315.0,15.785714285714286,11.0,112.0,182
269,67.25,3,19.25,3012.0,14.342857142857143,10.0,83.0,178
270,67.5,3,19.5,2755.0,13.119047619047619,10.0,82.0,178
271,67.75,3,19.75,2706.0,12.885714285714286,10.0,80.0,184
272,68.0,3,20.0,2583.0,12.3,9.5,77.0,183
273,68.25,3,20.25,2491.0,11.861904761904762,9.0,74.0,182
274,68.5,3,20.5,2319.0,11.042857142857143,8.0,74.0,181
275,68.75,3,20.75,2155.0,10.261904761904763,7.0,67.0,173
276,69.0,3,21.0,2023.0,9.633333333333333,7.0,77.0,174
277,69.25,3,21.25,1819.0,8.661904761904761,6.0,105.0,165
278,69.5,3,21.5,1588.0,7.561904761904762,5.0,105.0,165
279,69.75,3,21.75,1354.0,6.447619047619048,5.0,72.0,158
280,70.0,3,22.0,1145.0,5.4523809523809526,3.0,52.0,155
281,70.25,3,22.25,883.0,4.204761904761905,2.0,45.0,138
282,70.5,3,22.5,733.0,3.4904761904761905,2.0,39.0,138
283,70.75,3,22.75,586.0,2.7904761904761903,1.0,39.0,127
284,71.0,3,23.0,476.0,2.2666666666666666,1.0,39.0,124
285,71.25,3,23.25,393.0,1.8714285714285714,1.0,23.0,113
286,71.5,3,23.5,344.0,1.638095238095238,1.0,23.0,106
287,71.75,3,23.75,283.0,1.3476190476190477,0.0,21.0,97
288,72.0,4,0.0,250.0,1.1904761904761905,0.0,15.0,88
289,72.25,4,0.25,211.0,1.0047619047619047,0.0,14.0,82
290,72.5,4,0.5,189.0,0.9,0.0,14.0,71
291,72.75,4,0.75,173.0,0.8238095238095238,0.0,15.0,79
292,73.0,4,1.0,176.0,0.8380952380952381,0.0,16.0,76
293,73.25,4,1.25,167.0,0.7952380952380952,0.0,15.0,78
294,73.5,4,1.5,144.0,0.6857142857142857,0.0,12.0,73
295,73.75,4,1.75,118.0,0.5619047619047619,0.0,7.0,65
296,74.0,4,2.0,108.0,0.5142857142857142,0.0,7.0,64
297,74.25,4,2.25,97.0,0.46190476190476193,0.0,8.0,56
298,74.5,4,2.5,82.0,0.3904761904761905,0.0,8.0,54
299,74.75,4,2.75,85.0,0.40476190476190477,0.0,8.0,53
300,75.0,4,3.0,88.0,0.41904761904761906,0.0,5.0,58
301,75.25,4,3.25,94.0,0.44761904761904764,0.0,6.0,57
302,75.5,4,3.5,108.0,0.5142857142857142,0.0,11.0,63
303,75.75,4,3.75,104.0,0.49523809523809526,0.0,9.0,58
304,76.0,4,4.0,144.0,0.6857142857142857,0.0,11.0,70
305,76.25,4,4.25,218.0,1.0380952380952382,0.0,19.0,86
306,76.5,4,4.5,287.0,1.3666666666666667,0.0,25.0,100
307,76.75,4,4.75,366.0,1.7428571428571429,1.0,26.0,107
308,77.0,4,5.0,432.0,2.057142857142857,1.0,34.0,112
309,77.25,4,5.25,599.0,2.8523809523809525,1.0,35.0,128
310,77.5,4,5.5,795.0,3.7857142857142856,1.5,36.0,137
311,77.75,4,5.75,947.0,4.5095238095238095,2.0,44.0,148
312,78.0,4,6.0,1083.0,5.1571428571428575,2.0,49.0,157
313,78.25,4,6.25,1347.0,6.414285714285715,4.0,69.0,165
314,78.5,4,6.5,1909.0,9.09047619047619,6.0,79.0,172
315,78.75,4,6.75,2628.0,12.514285714285714,8.0,111.0,185
316,79.0,4,7.0,3348.0,15.942857142857143,11.0,118.0,195
317,79.25,4,7.25,4169.0,19.85238095238095,14.0,125.0,194
318,79.5,4,7.5,4671.0,22.242857142857144,16.0,176.0,199
319,79.75,4,7.75,4740.0,22.571428571428573,16.5,179.0,196
320,80.0,4,8.0,4238.0,20.18095238095238,15.0,189.0,192
321,80.25,4,8.25,3767.0,17.938095238095237,14.0,189.0,183
322,80.5,4,8.5,3521.0,16.766666666666666,12.5,162.0,181
323,80.75,4,8.75,3235.0,15.404761904761905,11.0,146.0,179
324,81.0,4,9.0,3021.0,14.385714285714286,10.5,152.0,186
325,81.25,4,9.25,2834.0,13.495238095238095,9.0,243.0,185
326,81.5,4,9.5,2728.0,12.99047619047619,9.0,243.0,183
327,81.75,4,9.75,2593.0,12.347619047619048,8.0,218.0,187
328,82.0,4,10.0,2446.0,11.647619047619047,8.0,119.0,181
329,82.25,4,10.25,2408.0,11.466666666666667,7.0,90.0,185
330,82.5,4,10.5,2475.0,11.785714285714286,8.0,90.0,181
331,82.75,4,10.75,2555.0,12.166666666666666,8.0,105.0,185
332,83.0,4,11.0,2705.0,12.880952380952381,8.5,134.0,185
333,83.25,4,11.25,2790.0,13.285714285714286,9.0,134.0,180
334,83.5,4,11.5,3049.0,14.519047619047619,9.0,169.0,182
335,83.75,4,11.75,3230.0,15.380952380952381,9.5,209.0,177
336,84.0,4,12.0,3339.0,15.9,11.0,209.0,178
337,84.25,4,12.25,3329.0,15.852380952380953,11.0,132.0,182
338,84.5,4,12.5,3305.0,15.738095238095237,11.0,131.0,183
339,84.75,4,12.75,3216.0,15.314285714285715,11.0,127.0,178
340,85.0,4,13.0,3137.0,14.938095238095238,10.0,122.0,179
341,85.25,4,13.25,3182.0,15.152380952380952,10.0,112.0,181
342,85.5,4,13.5,3313.0,15.776190476190477,10.0,109.0,184
343,85.75,4,13.75,3508.0,16.704761904761906,10.5,112.0,191
344,86.0,4,14.0,3842.0,18.295238095238094,12.0,180.0,189
345,86.25,4,14.25,4261.0,20.29047619047619,13.5,180.0,190
346,86.5,4,14.5,4609.0,21.947619047619046,15.0,141.0,191
347,86.75,4,14.75,4738.0,22.561904761904763,17.5,134.0,192
348,87.0,4,15.0,4965.0,23.642857142857142,18.0,147.0,197
349,87.25,4,15.25,5283.0,25.15714285714286,20.0,155.0,199
350,87.5,4,15.5,5445.0,25.928571428571427,21.0,179.0,197
351,87.75,4,15.75,5486.0,26.123809523809523,20.0,179.0,198
352,88.0,4,16.0,5418.0,25.8,21.0,189.0,195
353,88.25,4,16.25,5416.0,25.79047619047619,20.5,199.0,194
354,88.5,4,16.5,5380.0,25.61904761904762,20.0,199.0,194
355,88.75,4,16.75,5367.0,25.557142857142857,19.5,189.0,198
356,89.0,4,17.0,5292.0,25.2,19.0,181.0,199
357,89.25,4,17.25,5241.0,24.957142857142856,19.5,181.0,200
358,89.5,4,17.5,5149.0,24.51904761904762,19.0,174.0,197
359,89.75,4,17.75,4950.0,23.571428571428573,18.0,156.0,197
360,90.0,4,18.0,4697.0,22.366666666666667,16.5,155.0,195
361,90.25,4,18.25,4403.0,20.966666666666665,15.0,145.0,195
362,90.5,4,18.5,4094.0,19.495238095238093,15.0,145.0,187
363,90.75,4,18.75,3887.0,18.50952380952381,14.0,145.0,185
364,91.0,4,19.0,3607.0,17.176190476190477,13.5,116.0,184
365,91.25,4,19.25,3304.0,15.733333333333333,12.0,109.0,179
366,91.5,4,19.5,2979.0,14.185714285714285,10.0,109.0,177
367,91.75,4,19.75,2718.0,12.942857142857143,9.5,90.0,176
368,92.0,4,20.0,2602.0,12.39047619047619,9.0,88.0,178
369,92.25,4,20.25,2477.0,11.795238095238096,9.0,81.0,180
370,92.5,4,20.5,2270.0,10.80952380952381,8.0,78.0,176
371,92.75,4,20.75,2132.0,10.152380952380952,8.0,78.0,177
372,93.0,4,21.0,1882.0,8.961904761904762,7.0,77.0,174
373,93.25,4,21.25,1698.0,8.085714285714285,6.0,85.0,165
374,93.5,4,21.5,1576.0,7.504761904761905,5.0,85.0,164
375,93.75,4,21.75,1428.0,6.8,5.0,63.0,160
376,94.0,4,22.0,1320.0,6.285714285714286,4.0,63.0,161
377,94.25,4,22.25,1048.0,4.9904761904761905,3.0,54.0,156
378,94.5,4,22.5,838.0,3.9904761904761905,2.0,51.0,146
379,94.75,4,22.75,692.0,3.295238095238095,2.0,48.0,136
380,95.0,4,23.0,582.0,2.7714285714285714,1.0,42.0,130
381,95.25,4,23.25,490.0,2.3333333333333335,1.0,39.0,125
382,95.5,4,23.5,426.0,2.0285714285714285,1.0,36.0,116
383,95.75,4,23.75,376.0,1.7904761904761906,1.0,23.0,116
384,96.0,5,0.0,334.0,1.5904761904761904,1.0,23.0,114
385,96.25,5,0.25,313.0,1.4904761904761905,0.0,23.0,103
386,96.5,5,0.5,243.0,1.1571428571428573,0.0,19.0,86
387,96.75,5,0.75,202.0,0.9619047619047619,0.0,15.0,83
388,97.0,5,1.0,177.0,0.8428571428571429,0.0,15.0,74
389,97.25,5,1.25,161.0,0.7666666666666667,0.0,15.0,72
390,97.5,5,1.5,149.0,0.7095238095238096,0.0,14.0,70
391,97.75,5,1.75,122.0,0.580952380952381,0.0,9.0,62
392,98.0,5,2.0,112.0,0.5333333333333333,0.0,8.0,60
393,98.25,5,2.25,94.0,0.44761904761904764,0.0,9.0,54
394,98.5,5,2.5,99.0,0.4714285714285714,0.0,5.0,63
395,98.75,5,2.75,79.0,0.3761904761904762,0.0,6.0,52
396,99.0,5,3.0,97.0,0.46190476190476193,0.0,6.0,59
397,99.25,5,3.25,93.0,0.44285714285714284,0.0,6.0,56
398,99.5,5,3.5,123.0,0.5857142857142857,0.0,9.0,71
399,99.75,5,3.75,139.0,0.6619047619047619,0.0,9.0,73
400,100.0,5,4.0,150.0,0.7142857142857143,0.0,16.0,70
401,100.25,5,4.25,199.0,0.9476190476190476,0.0,18.0,81
402,100.5,5,4.5,264.0,1.2571428571428571,0.0,21.0,89
403,100.75,5,4.75,335.0,1.5952380952380953,0.0,27.0,102
404,101.0,5,5.0,405.0,1.9285714285714286,1.0,27.0,117
405,101.25,5,5.25,523.0,2.4904761904761905,1.0,27.0,129
406,101.5,5,5.5,738.0,3.5142857142857142,2.0,44.0,135
407,101.75,5,5.75,874.0,4.161904761904762,2.0,49.0,143
408,102.0,5,6.0,1020.0,4.857142857142857,2.0,50.0,148
409,102.25,5,6.25,1258.0,5.9904761904761905,3.0,53.0,162
410,102.5,5,6.5,1730.0,8.238095238095237,5.0,68.0,169
411,102.75,5,6.75,2365.0,11.261904761904763,7.0,86.0,181
412,103.0,5,7.0,2985.0,14.214285714285714,10.0,111.0,184
413,103.25,5,7.25,3567.0,16.985714285714284,12.0,111.0,190
414,103.5,5,7.5,3998.0,19.038095238095238,15.5,131.0,193
415,103.75,5,7.75,4110.0,19.571428571428573,14.5,142.0,192
416,104.0,5,8.0,3760.0,17.904761904761905,13.0,142.0,190
417,104.25,5,8.25,3264.0,15.542857142857143,12.0,133.0,182
418,104.5,5,8.5,3095.0,14.738095238095237,12.0,126.0,189
419,104.75,5,8.75,2897.0,13.795238095238096,11.0,93.0,182
420,105.0,5,9.0,2748.0,13.085714285714285,10.5,89.0,181
421,105.25,5,9.25,2656.0,12.647619047619047,9.0,85.0,180
422,105.5,5,9.5,2676.0,12.742857142857142,9.0,86.0,182
423,105.75,5,9.75,2685.0,12.785714285714286,8.5,106.0,179
424,106.0,5,10.0,2700.0,12.857142857142858,9.0,106.0,177
425,106.25,5,10.25,2705.0,12.880952380952381,9.0,91.0,178
426,106.5,5,10.5,2770.0,13.19047619047619,9.0,91.0,182
427,106.75,5,10.75,2869.0,13.661904761904761,9.0,95.0,183
428,107.0,5,11.0,3015.0,14.357142857142858,9.0,95.0,180
429,107.25,5,11.25,3194.0,15.209523809523809,9.0,91.0,181
430,107.5,5,11.5,3371.0,16.052380952380954,12.0,101.0,181
431,107.75,5,11.75,3584.0,17.066666666666666,11.5,110.0,188
432,108.0,5,12.0,3687.0,17.557142857142857,11.0,126.0,192
433,108.25,5,12.25,3732.0,17.771428571428572,11.5,126.0,189
434,108.5,5,12.5,3708.0,17.65714285714286,11.5,125.0,187
435,108.75,5,12.75,3663.0,17.442857142857143,11.0,125.0,188
436,109.0,5,13.0,3704.0,17.63809523809524,11.5,124.0,189
437,109.25,5,13.25,3752.0,17.866666666666667,11.5,127.0,186
438,109.5,5,13.5,3736.0,17.79047619047619,11.0,127.0,188
439,109.75,5,13.75,3837.0,18.271428571428572,12.0,127.0,188
440,110.0,5,14.0,4157.0,19.795238095238094,12.5,138.0,188
441,110.25,5,14.25,4579.0,21.804761904761904,13.0,138.0,194
442,110.5,5,14.5,4971.0,23.67142857142857,15.0,138.0,192
443,110.75,5,14.75,5197.0,24.747619047619047,19.0,155.0,193
444,111.0,5,15.0,5349.0,25.47142857142857,20.0,155.0,195
445,111.25,5,15.25,5421.0,25.814285714285713,20.5,161.0,200
446,111.5,5,15.5,5521.0,26.29047619047619,20.0,162.0,200
447,111.75,5,15.75,5503.0,26.204761904761906,20.0,162.0,198
448,112.0,5,16.0,5492.0,26.152380952380952,19.5,159.0,199
449,112.25,5,16.25,5488.0,26.133333333333333,19.5,152.0,194
450,112.5,5,16.5,5486.0,26.123809523809523,21.0,159.0,190
451,112.75,5,16.75,5494.0,26.16190476190476,21.0,185.0,195
452,113.0,5,17.0,5450.0,25.952380952380953,19.0,185.0,194
453,113.25,5,17.25,5438.0,25.895238095238096,18.5,184.0,197
454,113.5,5,17.5,5217.0,24.84285714285714,18.0,184.0,196
455,113.75,5,17.75,5157.0,24.557142857142857,18.0,198.0,197
456,114.0,5,18.0,5033.0,23.966666666666665,16.0,213.0,200
457,114.25,5,18.25,4988.0,23.752380952380953,16.0,214.0,195
458,114.5,5,18.5,4737.0,22.557142857142857,14.0,214.0,194
459,114.75,5,18.75,4365.0,20.785714285714285,12.5,182.0,189
460,115.0,5,19.0,3992.0,19.00952380952381,12.0,175.0,186
461,115.25,5,19.25,3708.0,17.65714285714286,11.0,139.0,182
462,115.5,5,19.5,3316.0,15.790476190476191,10.5,126.0,179
463,115.75,5,19.75,3079.0,14.661904761904761,8.0,110.0,178
464,116.0,5,20.0,2857.0,13.604761904761904,8.0,104.0,179
465,116.25,5,20.25,2814.0,13.4,9.0,103.0,178
466,116.5,5,20.5,2651.0,12.623809523809523,9.0,105.0,179
467,116.75,5,20.75,2527.0,12.033333333333333,8.0,105.0,175
468,117.0,5,21.0,2526.0,12.028571428571428,7.0,108.0,176
469,117.25,5,21.25,2558.0,12.18095238095238,7.0,144.0,168
470,117.5,5,21.5,2528.0,12.038095238095238,7.0,164.0,171
471,117.75,5,21.75,2430.0,11.571428571428571,7.0,164.0,175
472,118.0,5,22.0,2153.0,10.252380952380953,6.0,118.0,178
473,118.25,5,22.25,1871.0,8.90952380952381,6.0,84.0,174
474,118.5,5,22.5,1574.0,7.495238095238095,5.0,84.0,166
475,118.75,5,22.75,1421.0,6.766666666666667,4.0,78.0,163
476,119.0,5,23.0,1218.0,5.8,3.5,78.0,155
477,119.25,5,23.25,1076.0,5.123809523809523,3.0,65.0,156
478,119.5,5,23.5,931.0,4.433333333333334,3.0,63.0,155
479,119.75,5,23.75,647.0,3.080952380952381,1.0,57.0,137
