node_id,display_x_mds,display_y_mds,initial_state,spatial_amplitude,spatial_phase
0,-1.8353618987194038,-9.701595489136638,29.742128372192383,9.385783195495605,0.6475807428359985
1,-2.1372712105968783,-6.7899310977837235,36.59638977050781,4.5731353759765625,0.9101210236549377
2,-8.174866306665198,2.2629306386336583,71.40721130371094,1.7838349342346191,0.6423965692520142
3,-4.405862030723662,-5.844484584002966,39.32890319824219,6.553598880767822,-0.9968698024749756
4,-5.287747991236886,0.5801533112420764,46.879852294921875,2.024545431137085,0.2728027403354645
5,-5.01911278388547,-1.3983035480490091,32.551856994628906,4.107008457183838,-0.897729218006134
6,6.347924049310509,-5.440993152305938,53.330684661865234,5.566707611083984,-0.4847855567932129
7,10.794611276602296,-4.221604204377513,36.790252685546875,8.868002891540527,-0.8809505701065063
8,-0.5448861883999149,10.915237002226432,33.097774505615234,5.441919326782227,0.20759090781211853
9,-11.003153595726562,-5.13044426190529,48.61015319824219,7.320328712463379,0.3731798231601715
10,-2.0948710683068557,1.8249158119925184,23.001710891723633,9.935351371765137,-0.7710247039794922
11,11.463047170853427,4.156223120023506,23.10985565185547,2.1834020614624023,-0.23232223093509674
12,5.0624102848835015,-1.2127229179343277,33.70288848876953,3.472583770751953,-0.08752698451280594
13,1.6373007745775932,-0.9326657346092007,24.565855026245117,4.55118465423584,-0.26189395785331726
14,7.847383507687302,1.1687552429479027,28.138761520385742,4.796453475952148,-0.7579500079154968
15,1.5112662715671603,4.881745561342078,39.70539474487305,4.69918966293335,-0.16210441291332245
16,-7.110672729548032,11.513764907364818,62.941646575927734,9.168498992919922,0.5023561120033264
17,-0.9409288655033793,-5.760706788430227,51.38993835449219,7.426293849945068,-0.8579846620559692
18,-0.7301130707596993,6.046233260916212,48.41448974609375,6.471147060394287,-0.8396399617195129
19,4.620904404590158,3.083492921845629,37.43191146850586,3.7843544483184814,-0.29045742750167847
