display_rank,candidate,MSE_delta,R2_delta,Corr_delta,MSE,R2,Corr,Complexity,complexity_effective,complexity_missing_in_table,nMSE_delta,nMSE,nMSE_rank,complexity_rank,is_ground_truth,nMSE_delta_normalized,nMSE_rank_normalized,complexity_rank_normalized
1,Single-constrained gravity model (POW),5.2345,0.7293,0.8083,3.2497,0.9994,0.9994,17.0,17.0,False,0.5329037118481869,0.7673435655253836,1,5,True,0.0,0.0,0.4
2,Single-constrained gravity model (EXP),9.6106,0.503,0.6837,4.5115,0.9992,0.9992,21.0,21.0,False,0.9784171197035408,1.065289256198347,10,6,False,0.9409753580183201,0.9,0.5
3,Classic gravity model (POW),9.6728,0.4997,0.6832,4.3428,0.9992,0.9992,22.0,22.0,False,0.9847494553376908,1.0254545454545454,9,7,False,0.9543499763471381,0.8,0.6
4,Saturation-limited diffusion,9.6912,0.4988,0.6838,4.298,0.9992,0.9992,27.0,27.0,False,0.9866226864577607,1.0148760330578512,6,11,False,0.9583064550810648,0.5,1.0
5,Classic gravity model (EXP),9.7263,0.497,0.6824,4.3142,0.9992,0.9992,24.0,24.0,False,0.9901960784313726,1.0187012987012984,7,9,False,0.9658538683180664,0.6,0.8
6,Distance-weighted diffusion,9.7443,0.496,0.6817,4.3209,0.9992,0.9992,10.0,10.0,False,0.992028587135789,1.0202833530106257,8,1,False,0.9697243366447341,0.7,0.0
7,Rank-based diffusion,9.7628,0.4951,0.6816,4.2932,0.9992,0.9992,16.0,16.0,False,0.9939119988597724,1.0137426210153482,5,4,False,0.9737023179804757,0.4,0.3
8,Local–global mixed diffusion,9.7704,0.4947,0.6816,4.2757,0.9992,0.9992,25.0,25.0,False,0.9946857247571926,1.0096103896103894,4,10,False,0.9753365157184019,0.3,0.9
9,KNN diffusion,9.7851,0.4939,0.6811,4.27,0.9992,0.9992,15.0,15.0,False,0.996182273532466,1.008264462809917,3,3,False,0.9784973981851804,0.2,0.2
10,Accessibility-driven drift,9.8226,0.492,0.6803,4.2417,0.9992,0.9992,23.0,23.0,False,1.0,1.001582054309327,2,8,False,0.9865608738657377,0.1,0.7
11,Radiation model,9.8851,0.4888,0.679,4.6677,0.9992,0.9992,13.0,13.0,False,1.0063628774458901,1.1021723730814639,11,2,False,1.0,1.0,0.1
