transition_index,time_start,observed_change_mean,observed_change_rms,documented_spatial_increment_mean,documented_spatial_increment_rms,documented_temporal_increment_mean,documented_temporal_increment_rms,closure_residual_mean,closure_residual_rms
0,0.0,-1.3133553504943847,8.538643284167085,-8.881784197001252e-16,8.234564391015411,-0.7598267959670042,2.375330632981348,-0.5535285545273795,1.835991835292052
1,1.0,-0.48377256393432616,3.304914747411206,-3.730349362740526e-15,4.209888381433242,-0.37531555140059825,2.2673220907907026,-0.10845701253372417,1.6901248544877443
2,2.0,-0.14168910980224608,2.034365849351401,-2.1316282072803005e-15,3.1354828453830947,0.011049351610900687,2.2221440821401997,-0.15273846141314468,1.7132693269498047
3,3.0,0.3391151428222656,2.876944234668345,-8.881784197001252e-16,3.1039607273922427,0.3973596826126604,2.244487069016524,-0.05824453979039383,1.846317071904904
4,4.0,1.366622543334961,2.5228909732739413,8.881784197001252e-16,2.765966572282657,0.7817074806773602,2.3319892712135837,0.5849150626575998,1.5138748255914602
5,5.0,1.058293628692627,2.2607008253474676,-8.881784197001252e-16,2.548194883650428,1.1621944776967994,2.476161979008755,-0.10390084900417162,1.6247764002716447
6,6.0,1.4199978828430175,2.557950742470792,2.842170943040401e-15,2.3702109619207135,1.536941473801318,2.6652686377432047,-0.11694359095830346,1.565818969427019
7,7.0,1.9914998054504394,2.709587104756962,3.552713678800501e-16,2.491372052454107,1.9040976186024636,2.8871830377527923,0.08740218684797547,1.8583577994928915
8,8.0,2.2800278663635254,3.1352254146979606,1.0658141036401502e-15,2.4537470880120424,2.261849552419459,3.131065752716417,0.01817831394406575,1.709924932856033
9,9.0,2.540617752075195,3.282962047822872,-8.881784197001252e-16,2.538061543954916,2.6084303623415703,3.3879103976375387,-0.06781261026637411,1.7550081910717015
10,10.0,3.208998680114746,4.040040953957175,3.552713678800501e-16,2.85795332411238,2.942128308892986,3.6504630925292,0.26687037122175983,1.8962137051808716
11,11.0,3.370758056640625,3.6649610543327236,-2.3092638912203257e-15,2.5736470031712653,3.26129528019977,3.9129198970488033,0.10946277644085678,1.1769579738385414
12,12.0,3.574509048461914,4.312257986095358,-8.881784197001252e-16,2.4383097900734714,3.564354931904358,4.170605823515696,0.010154116557557557,1.5922033244580271
13,13.0,3.385976791381836,3.9582266307698353,-3.197442310920451e-15,2.479973122535747,3.8498104726250615,4.419707302407458,-0.4638336812432219,1.7850719147485385
14,14.0,4.1584716796875,4.628152238407336,-3.552713678800501e-15,2.547992480406472,4.116252056508755,4.657069779718341,0.042219623178748035,1.8181604400411548
15,15.0,4.354245948791504,4.794111049414479,1.4210854715202005e-15,2.6138811304038367,4.362363746365396,4.880051323148824,-0.008117797573894147,1.5426820968324688
16,16.0,4.730920028686524,5.3585220858817975,1.7763568394002505e-15,3.0350522494469514,4.5869300129939266,5.086418964532494,0.14399001569259537,1.2921380093606605
17,17.0,4.727142333984375,5.235985655816019,-1.0658141036401502e-15,2.6726047056952846,4.788841738599823,5.274275994020672,-0.06169940461544658,1.2807644293659777
18,18.0,4.749695587158203,5.062820880482457,-4.618527782440651e-15,2.417438999878855,4.967101694653822,5.442011150782222,-0.21740610749561454,1.5191428313821567
19,19.0,4.858757019042969,5.193235251742037,7.105427357601002e-15,2.821785472416582,5.120829467137034,5.588263160342391,-0.2620724480940725,1.3808873033006182
20,20.0,5.026387023925781,5.906454312684695,-3.552713678800501e-16,2.8179117817014268,5.249265804846982,5.711896009204808,-0.22287878092119998,1.8192574041732181
21,21.0,5.4359735488891605,5.878326274576843,-1.7763568394002505e-15,2.721372555857013,5.351776369288592,5.811981753010079,0.08419717960057072,1.4154644357496686
22,22.0,5.97218132019043,6.264661722210721,3.197442310920451e-15,2.6534950997224978,5.4278548676296605,5.887788645146712,0.5443264525607654,1.618863658266811
23,23.0,5.206315040588379,5.756419041340334,-2.842170943040401e-15,2.805492406836661,5.477125553247346,5.93877306638845,-0.2708105126589637,1.3906230591720656
24,24.0,5.349339294433594,5.822614645954065,-6.7501559897209515e-15,2.8292219179070726,5.499345081515637,5.9645742258607575,-0.1500057870820359,1.3515982231807089
25,25.0,6.0183464050292965,6.685396056392295,2.842170943040401e-15,2.836948687956468,5.494403711668219,5.965010957480786,0.523942693361075,2.1219220421075202
26,26.0,5.261983871459961,6.355309558188016,-7.105427357601002e-15,2.9285071017719813,5.46232584880079,5.940080202693947,-0.20034197734082104,1.644508464700641
27,27.0,5.772235488891601,6.123299221655284,7.105427357601002e-15,2.7173397120019644,5.403269923335914,5.889956985374424,0.3689655655556801,1.5572502681305467
28,28.0,5.943439102172851,6.39691591714751,-7.105427357601002e-16,2.5616012320433432,5.317527608545759,5.814995875675658,0.6259114936270936,1.9780525219323983
29,29.0,5.069725799560547,5.865140504489574,7.105427357601002e-15,3.249721097492637,5.205522379997267,5.715734130138458,-0.13579658043672668,1.9318164374563536
30,30.0,4.907083129882812,5.833934112614531,8.526512829121202e-15,3.055406497876005,5.067807424034618,5.592896909154621,-0.16072429415181436,1.7150286302895095
31,31.0,4.52617301940918,4.905873163713063,2.1316282072803005e-15,3.0538822260814666,4.905062905628819,5.4474052372561355,-0.37888988621964087,1.1741136980449087
32,32.0,4.815193939208984,5.394981356452475,-5.684341886080802e-15,2.9611833183591454,4.718092609088323,5.280387721826583,0.09710133012066643,1.8811339052234701
33,33.0,4.460004043579102,4.882153385998474,7.105427357601002e-15,3.3545947338996793,4.5078199682220195,5.093197529885005,-0.04781592464292472,1.6148742201277981
34,34.0,4.904701614379883,5.774140152183954,4.973799150320701e-15,3.2115043177736293,4.275283505561303,4.887436807846382,0.6294181088185737,2.3285811769992133
35,35.0,3.5726802825927733,4.575493895168728,0.0,3.2817155959077002,4.021631703166658,4.664991707770999,-0.4489514205738855,1.7309770194810958
36,36.0,3.1786495208740235,3.8985966071325238,1.2079226507921703e-14,2.8942383402791925,3.7481173303514472,4.428082572834244,-0.5694678094774357,1.574657761813693
37,37.0,2.930105209350586,3.565831521654683,1.4210854715202005e-15,2.637131281654718,3.4560912563379267,4.179335755389198,-0.5259860469873422,1.5275486987919906
38,38.0,2.7321826934814455,3.3528654058950282,2.842170943040401e-15,2.5233168717779124,3.1469957784043823,3.921886029132483,-0.4148130849229402,1.6374474569953688
39,39.0,2.472176742553711,3.4279621670830265,4.263256414560601e-15,2.738506476145963,2.8223574984751787,3.6595212928842886,-0.3501807559214719,1.597705622168438
40,40.0,2.3190586090087892,3.158984498219629,4.263256414560601e-15,2.5243712295105367,2.483779783335798,3.3968828427397564,-0.16472117432701308,1.2758056025570972
41,41.0,1.7570999145507813,2.366316307988938,1.4210854715202005e-15,2.641213957420365,2.1329348457113637,3.1397306645229044,-0.3758349311605837,1.4987064385852131
42,42.0,1.728958511352539,2.6051206088004712,9.947598300641402e-15,2.790735919711751,1.771555485319658,2.895263266849093,-0.042596973967128936,1.6243748103270124
43,43.0,1.5458526611328125,2.485933029621398,1.2789769243681804e-14,2.6802054133945328,1.4014265306890246,2.672423259535432,0.1444261304437751,1.4810411282974134
44,44.0,1.5054607391357422,2.520401532721084,7.105427357601002e-16,2.6214808762351955,1.0243760240094697,2.481991028493099,0.4810847151262719,1.563653397829271
45,45.0,1.0783504486083983,2.45808001604975,1.2789769243681804e-14,2.4581954427223973,0.6422661925543486,2.3360687427811464,0.4360842560540371,2.10478755395662
46,46.0,-0.02324066162109375,2.0674982674049662,7.105427357601002e-16,2.4840290610390525,0.25698425126422875,2.2464486541186885,-0.2802249128853232,1.503010462457808
47,47.0,-0.36299667358398435,2.2188952485303273,-4.263256414560601e-15,2.31772753161718,-0.12956691808168172,2.2217844172501295,-0.23342975550229844,1.779549707125209
48,48.0,-0.1500568389892578,2.037045404991436,-2.842170943040401e-15,2.2033655308185645,-0.51547816507156,2.2646798885852784,0.3654213260823049,1.5765232382899224
49,49.0,-1.0381668090820313,2.1016045614745473,5.684341886080802e-15,1.8398362782799604,-0.8988434998273742,2.370671061542581,-0.13932330925466274,1.7926532047632544
50,50.0,-0.5418087005615234,2.0550074453891543,0.0,2.605504461121932,-1.277769506561597,2.529930971054804,0.7359608060000735,1.9304663992209885
51,51.0,-1.7939376831054688,2.9600310449695,-1.4210854715202005e-15,2.533997925434766,-1.650384695031344,2.73034495968838,-0.1435529880741231,1.777608672953997
52,52.0,-1.9850147247314454,3.167619642398822,-8.526512829121202e-15,2.381015610560518,-2.0148487437037117,2.960063934545572,0.0298340189722748,1.9825968305771249
53,53.0,-2.360753631591797,3.072453872622595,-2.842170943040401e-15,2.5740660614708144,-2.369361588980925,3.20879147104754,0.008607957389131015,1.6570564885791157
54,54.0,-2.538702392578125,3.4346298220735823,-7.815970093361103e-15,2.2751354440119047,-2.7121723155942474,3.468083211444893,0.17346992301613026,1.6902663473274815
55,55.0,-2.717729949951172,3.1528318433758216,7.105427357601002e-16,2.4256668519694466,-3.0415878042575613,3.731165209178174,0.32385785430638847,1.4249928807779468
56,56.0,-3.540914535522461,4.157348333306544,-5.684341886080802e-15,2.7483968075299066,-3.3559810938704664,3.9926118847147682,-0.1849334416519885,1.8455026710563385
57,57.0,-3.0019073486328125,3.663803403476647,-1.1368683772161604e-14,2.799194183263204,-3.653799416970499,4.248037675972643,0.6518920683376979,1.5940883631558902
58,58.0,-3.7766746520996093,4.471169417952649,-7.815970093361103e-15,2.4449843526432415,-3.933571868747935,4.49384970031088,0.15689721664833384,1.347894698212293
59,59.0,-3.9026649475097654,4.268327616169002,1.4210854715202005e-15,2.388924345642698,-4.193916671746434,4.727063872236859,0.2912517242366679,1.810533972203661
60,60.0,-4.185808563232422,4.985545288416268,-7.815970093361103e-15,2.5393444092571533,-4.4335480003696,4.945173005199642,0.24773943713718638,1.8730135059417166
61,61.0,-4.63486328125,5.03138763261361,7.105427357601002e-16,2.680024448273729,-4.651282331487758,5.146053772437444,0.016419050237757936,1.3693273729704696
62,62.0,-4.94000244140625,5.51223707214459,-1.4210854715202005e-15,2.4822896990434193,-4.846044289779636,5.32790155005319,-0.09395815162661234,1.592690984219303
63,63.0,-4.9186748504638675,5.567951628384273,1.4210854715202005e-15,2.937230980450909,-5.016871958939284,5.489184907059263,0.09819710847541521,1.609694201762721
64,64.0,-4.961088180541992,5.654316919054535,4.263256414560601e-15,2.55889059567018,-5.162921632516454,5.628613849591663,0.20183345197445765,1.6187441049345488
65,65.0,-5.3625953674316404,5.776499837487823,4.263256414560601e-15,2.6881782922204347,-5.283471980926433,5.745117692618524,-0.0791233865052126,1.8491657597517992
66,66.0,-5.597244071960449,6.1475403224945895,-2.842170943040401e-15,2.7417688754027747,-5.377927614048679,5.837829697329672,-0.21931645791176707,1.7149639462926172
67,67.0,-5.246209526062012,5.713055398693312,-2.842170943040401e-15,3.1573622130378163,-5.4458220218188735,5.906076500490076,0.19961249575686546,1.314060104112334
68,68.0,-5.3992267608642575,6.067365629724606,4.973799150320701e-15,3.0100046162239846,-5.486819878290977,5.949370984536559,0.08759311742671376,1.7811539193918708
69,69.0,-5.183076858520508,5.67050400423611,9.592326932761353e-15,3.055729206038012,-5.500718697789674,5.9674076790579536,0.3176418392691562,1.5053213481564032
70,70.0,-5.650418853759765,6.179751705621207,-7.105427357601002e-16,3.2186849974134635,-5.487449834973614,5.960060106965793,-0.16296901878615083,1.4800840071166605
71,71.0,-5.150448036193848,5.8267928920502,7.105427357601002e-16,3.1495484144189345,-5.447078823870163,5.927379736199482,0.29663078767631385,1.808325723273261
72,72.0,-5.683759689331055,6.151126769254084,-2.1316282072803005e-15,3.010102531308337,-5.379805054207215,5.869596402785947,-0.30395463512383813,1.6033764605039258
73,73.0,-4.695889282226562,5.130203358961455,2.842170943040401e-15,2.8541833401452186,-5.285960786640645,5.787120259422188,0.5900715044140803,1.168040317223889
74,74.0,-5.3070930480957035,6.0043776231970405,-2.1316282072803005e-15,2.79789542729205,-5.166009511741123,5.680545498794785,-0.1410835363545776,2.351313949627571
75,75.0,-5.5029596328735355,6.19908162371793,4.973799150320701e-15,2.83501165309292,-5.020543660845123,5.550656326969183,-0.4824159720284171,1.5295322364806052
76,76.0,-5.2680213928222654,5.902719596255591,0.0,2.7982449902196,-4.8502816800761295,5.398435948612087,-0.4177397127461363,1.5475223868765136
77,77.0,-5.732312774658203,6.197186323015836,4.263256414560601e-15,2.799831771424294,-4.656064481987199,5.225079711113839,-1.0762482926710086,1.8976198892207368
78,78.0,-5.040502834320068,5.582410451688258,-7.105427357601002e-16,2.979195214702018,-4.43885129235002,5.032014092203391,-0.601651541970048,1.1771182318493043
79,79.0,-4.087294864654541,4.568973019815178,0.0,2.7988146256398765,-4.199714912602891,4.820923979779103,0.11242004794834996,1.752196043073482
80,80.0,-3.472364330291748,4.121879784172291,1.5987211554602255e-15,3.115709523636247,-3.9398364213560404,4.593791783772782,0.46747209106429055,1.5174800361804275
81,81.0,-4.2296897888183596,4.678276232198227,-1.9539925233402757e-15,2.9475966386654373,-3.6604993411232627,4.3529534603635645,-0.5691904476950945,1.3881346561452783
82,82.0,-3.3114150524139405,4.16250188481239,3.197442310920451e-15,2.9124377643260377,-3.363083299089914,4.101178628196406,0.05166824667596972,1.472827099857984
83,83.0,-3.140415334701538,3.526373887688193,-2.3092638912203257e-15,2.9755164651009154,-3.0490572132263942,3.8417845840116684,-0.09135812147514115,1.7114413012550274
84,84.0,-2.22916784286499,3.179463272676636,1.9539925233402757e-15,2.958306095097722,-2.7199720374003706,3.578796639633355,0.4908041945353781,1.5528438878137876
85,85.0,-1.426291561126709,2.557366086024395,-1.9539925233402757e-15,2.695147608828855,-2.377453101319194,3.3171677837420006,0.9511615401924871,1.8257902247039601
86,86.0,-2.4153586864471435,3.097056017478244,-3.552713678800501e-16,2.4632393295790993,-2.023192083135037,3.063063482255832,-0.39216660331210645,1.2929347640802902
87,87.0,-2.123091220855713,2.9810855017892766,1.6875389974302379e-15,2.474133415024399,-1.6589386543594316,2.8241887473708953,-0.4641525664962831,1.5977233628577232
88,88.0,-1.7878424644470214,2.781260607503185,1.6875389974302379e-15,2.7011349290187145,-1.2864918383525559,2.610058074850216,-0.5013506260944672,1.439430416093933
89,89.0,-1.0348315238952637,2.3340708690507856,4.440892098500626e-16,2.3466907928815526,-0.9076911250669555,2.4319542083198855,-0.12714039882830863,1.4114695916286721
90,90.0,0.5261388778686523,2.0321728130542738,1.7763568394002506e-16,2.469658751354431,-0.5244073859295467,2.3021197216711093,1.0505462637981988,2.0310017498055917
91,91.0,-0.2028876304626465,1.774408422803937,-5.329070518200751e-16,2.4540855668277537,-0.13853363373254066,2.2317241695530323,-0.06435399673010526,1.2097072007803487
92,92.0,0.3121771335601807,1.7704699949262146,-1.4210854715202005e-15,2.6501083463934894,0.24802432683030923,2.227826618519685,0.06415280672987299,1.2634470563139573
93,93.0,0.08584222793579102,1.6096311504692298,0.0,2.444995802738782,0.6333573118058069,2.290841371510785,-0.5475150838700159,1.4945393739296107
94,94.0,1.1533853530883789,2.1557241820903426,-1.0658141036401502e-15,2.7556539999477057,1.0155621873133989,2.4143741745597875,0.1378231657749813,1.412810115414993
95,95.0,2.1662714958190916,3.0739949125826085,1.0658141036401502e-15,2.5160584415804528,1.392751268996281,2.5875641107538807,0.7735202268228093,2.0317926622354467
96,96.0,1.97322998046875,3.0410705595777734,8.881784197001252e-16,2.794569935676068,1.7630616451684151,2.79816320749865,0.2101683353003338,1.7527289254954816
97,97.0,2.1313778877258303,2.95906169656846,-7.105427357601002e-16,2.6457231618794204,2.1246643776109235,3.034717567825957,0.006713510114907317,1.8652194514622966
98,98.0,2.306919002532959,2.9861379444257974,8.881784197001252e-16,2.7452562236893674,2.475773534575807,3.2874979843644967,-0.16885453204284864,1.294713202543679
99,99.0,2.6405733108520506,3.2544949590419527,3.3750779948604757e-15,2.125396642829418,2.814655011383615,3.5486026668077804,-0.17408170053156777,1.6800931375750563
100,100.0,2.659122085571289,3.2443349221769378,-1.7763568394002505e-15,2.564587956925803,3.1396350950506227,3.8117063330526193,-0.4805130094793313,1.2378268454985768
101,101.0,2.805614471435547,3.5414140581697895,1.9539925233402757e-15,2.399600100529998,3.4491087306455164,4.071732509163975,-0.6434942592099715,2.0878492015236483
102,102.0,4.246620845794678,5.114367569284796,-1.9539925233402757e-15,2.6741597958062964,3.7415474485484914,4.324561824579479,0.5050733972461888,2.126906789931119
103,103.0,4.121660423278809,4.597392310747117,3.552713678800501e-15,2.527201193283023,4.015506913460653,4.566804894831635,0.10615350981815311,1.853981555392097
104,104.0,4.2926898956298825,4.934450553304825,2.842170943040401e-15,2.6438858512315084,4.269634057879597,4.7956358040303515,0.02305583775028297,1.8817900524592457
105,105.0,5.147076416015625,5.415029869335009,-1.0658141036401502e-15,2.368301223626834,4.502673764809445,5.0086734463723595,0.6444026512061825,1.6242506767883578
106,106.0,4.409096145629883,4.960368103806075,-1.4210854715202005e-15,2.5406106955793004,4.713475066699877,5.203898071484834,-0.30437892106999315,1.4344045916628936
107,107.0,4.553484916687012,5.317304869441085,0.0,2.7519579134559584,4.900996829997999,5.379592905974243,-0.3475119133109883,2.1272777708519146
108,108.0,5.747054672241211,6.38143357528097,-2.1316282072803005e-15,3.1560507101848536,5.064312897237441,5.534303393329144,0.6827417750037721,2.191545677590319
109,109.0,5.056423950195312,5.801664095674007,1.0658141036401502e-15,2.7892799492397735,5.202616661268217,5.666808760799185,-0.1461927110729065,1.2433859841063948
110,110.0,5.520781135559082,5.973776389822196,-7.105427357601002e-16,2.764339528407592,5.315225049035602,5.776102221912424,0.20555608652348215,1.768230612589114
111,111.0,5.6534734725952145,6.428047810879436,1.4210854715202005e-15,3.0139261494384786,5.401581895232306,5.861377259478617,0.2518915773629079,2.2417928576731767
112,112.0,5.37894115447998,6.144421501772845,3.552713678800501e-15,2.9549007104332965,5.461260689161806,5.922018229966832,-0.08231953468183013,1.7795375248815348
113,113.0,5.5992742538452145,6.116155693770967,3.197442310920451e-15,2.949379671269406,5.4939666812461905,5.957594089436211,0.1053075725990211,1.9029218722865666
114,114.0,5.66887321472168,6.2694543531786024,4.973799150320701e-15,3.0920887979844083,5.499538338774632,5.967854440919234,0.1693348759470437,1.2892192117932166
115,115.0,5.744961547851562,6.1629165007324715,4.263256414560601e-15,2.7890101519101202,5.477948143702667,5.952727398747673,0.2670134041488918,1.4413497945232399
116,116.0,4.8283447265625,5.338445467840017,-4.263256414560601e-15,2.8602523437012284,5.429302728561982,5.9123189967327265,-0.6009580019994782,1.7818038497751103
117,117.0,5.076407241821289,5.697928344486698,7.105427357601002e-15,2.805215663481399,5.353842349809455,5.8469140644275805,-0.2774351079881727,1.5424023647193834
118,118.0,5.14923324584961,5.850788849249715,-1.4210854715202005e-15,2.7576396142070196,5.251939701216557,5.75697868364529,-0.10270645536694703,1.7797514965617427
119,119.0,5.298865509033203,6.2052206169804744,1.4210854715202005e-15,3.329636371625764,5.124098073159715,5.64316453923857,0.17476743587348698,1.798241244996287
120,120.0,4.341711044311523,5.187906263579103,-4.263256414560601e-15,2.7997090023304803,4.970948866902741,5.5063157193117505,-0.6292378225912124,1.8001389503852119
121,121.0,4.41959228515625,5.103769672241509,6.394884621840902e-15,2.8049833414509493,4.793248476148147,5.347478832108874,-0.3736561909919033,2.1340722283469407
122,122.0,4.874158096313477,5.527164421253017,-8.526512829121202e-15,2.8519054932327395,4.591874551259185,5.167917732270104,0.28228354505430053,1.791008743004014
123,123.0,4.240412902832031,4.785313373681635,-6.394884621840902e-15,3.0612390275156516,4.367821664603294,4.969134747095386,-0.12740876177125693,1.5425176938335228
124,124.0,4.184058761596679,5.242299848475165,-3.552713678800501e-15,2.808990287809553,4.122196398425586,4.7529011459027775,0.06186236317109772,1.8543338652359995
125,125.0,3.7089984893798826,4.233908992628551,-1.2079226507921703e-14,2.7943173903440104,3.8562118795130544,4.521300810855529,-0.1472133901331594,1.3416850241243676
126,126.0,3.9592819213867188,4.58076327648187,-1.0658141036401503e-14,2.6584325949319334,3.571181787642375,4.276792770468983,0.38810013374435465,1.6693036025360277
127,127.0,3.4064781188964846,4.185986776202644,1.1368683772161604e-14,2.671964434694426,3.268513867403221,4.022300534520031,0.13796425149325178,1.47208798217043
128,128.0,2.691315841674805,3.205449483431711,-2.842170943040401e-15,2.5457611794314303,2.9497029754417157,3.761338891783692,-0.25838713376690825,1.858311310492519
129,129.0,2.950551223754883,3.7133465257703353,-6.394884621840902e-15,2.9220414486154156,2.616323697463326,3.498191150254786,0.33422752629156316,1.6526577126478728
130,130.0,2.445698547363281,3.0417039340765486,-1.4210854715202004e-14,2.6565166442687635,2.270022571459193,3.2381488745917064,0.17567597590410294,1.6829929128503647
131,131.0,2.1271430969238283,3.2372879704172157,1.4210854715202005e-15,2.6565151532584803,1.9125099555649179,2.9878143738498095,0.21463314135890882,1.5992594745642548
132,132.0,1.1839340209960938,2.433707293676888,-6.394884621840902e-15,2.629823219853165,1.545551580716004,2.75542625755688,-0.36161755971990395,1.6359579452431028
133,133.0,0.9009174346923828,2.188850732564776,-1.2789769243681804e-14,2.4289209507667144,1.170959829820641,2.5510703961235692,-0.2700423951282455,1.5547071717795178
134,134.0,0.34402809143066404,1.6730085102470944,-6.394884621840902e-15,2.479491090429679,0.790584786521571,2.386459843185431,-0.44655669509090057,1.4016669352752107
135,135.0,0.5750797271728516,2.0016258816324846,2.842170943040401e-15,2.5267998622777212,0.4063050977564856,2.273785861761273,0.16877462941636295,1.5421955165307921
136,136.0,0.23838729858398439,1.976833784583793,6.394884621840902e-15,2.222041577416267,0.020018695246312605,2.2232983493924223,0.21836860333766542,1.6562783287981853
137,137.0,-0.7004291534423828,2.076583691434324,-9.947598300641402e-15,1.8361217627359248,-0.3663665782628395,2.2402077431456124,-0.3340625751795333,1.3408433961606938
138,138.0,-0.574521255493164,2.084692011990451,-5.684341886080802e-15,2.1086029746611215,-0.7509423917076303,2.3227222099932683,0.17642113621447197,1.8247076028027394
139,139.0,-1.089501953125,2.122418834209473,7.105427357601002e-16,2.5243446633115387,-1.1318093508271139,2.4627524734406343,0.0423073977021131,1.686109400165919
140,140.0,-1.7117576599121094,2.9384609895349696,4.263256414560601e-15,2.4104173861133678,-1.5070863791441917,2.6487057935864886,-0.2046712807679218,1.8222581361909056
141,141.0,-1.876373291015625,2.533183497312046,1.4210854715202005e-15,2.6023354245991523,-1.874920008476699,2.868407550929259,-0.0014532825389275029,1.4529381431823258
142,142.0,-1.8782382965087892,2.9071867955912434,-1.0658141036401503e-14,2.2894327363328446,-2.233493533093018,3.110882751805545,0.3552552365842397,1.6873086134874662
143,143.0,-2.782999038696289,3.1795182605979684,-1.4210854715202005e-15,2.1501044788877883,-2.5810359823003153,3.3669755199401985,-0.20196305639597237,1.5892434913742364
144,144.0,-2.7289653778076173,3.3042847552181973,6.394884621840902e-15,2.573140730438819,-2.915830867150556,3.6293011563425144,0.1868654893429324,1.6391795676967493
145,145.0,-3.446826171875,4.3453434412901295,-5.684341886080802e-15,2.635959188231395,-3.236224658064818,3.891951529537176,-0.21060151381017606,2.0404633233663745
146,146.0,-3.5511474609375,4.070246895492468,4.263256414560601e-15,2.3779880632247674,-3.540634951505411,4.150171702144536,-0.010512509432093187,1.8477430224369995
147,147.0,-3.7730220794677733,4.438021809527901,-2.842170943040401e-15,2.639166532266023,-3.8275582853613086,4.4000872004482,0.05453620589353827,1.439400250169639
148,148.0,-4.215251541137695,4.6752196084910995,-1.3500311979441903e-14,2.2676210706208093,-4.095577564447103,4.638496587386028,-0.11967397669057889,1.4789125392093858
149,149.0,-4.197105407714844,4.702199903244389,-7.105427357601002e-16,2.573463597733401,-4.343369059441517,4.8627210575077715,0.14626365172667408,1.2618662013782769
150,150.0,-4.359706878662109,4.907183470694572,-8.526512829121202e-15,2.862168104100574,-4.569708944698085,5.070497815071156,0.210002066035985,1.6960852912517983
151,151.0,-5.031185150146484,5.575053745241927,-2.842170943040401e-15,2.9621500454797527,-4.77347934263832,5.259905252486222,-0.2577058075081614,1.5073242705553132
152,152.0,-5.014590835571289,5.552063389630928,9.237055564881303e-15,2.7098049543227125,-4.953673844874429,5.429310653524942,-0.06091699069686951,1.3227825883007311
153,153.0,-5.5571746826171875,5.914208345812345,6.394884621840902e-15,2.4838276649733237,-5.109402482793107,5.577333689973841,-0.44777219982408634,1.2416963923048292
154,154.0,-5.898223876953125,6.309501394051051,6.394884621840902e-15,2.57920273241183,-5.239896123051109,5.702820967590436,-0.6583277539020227,1.5014515840134544
155,155.0,-4.90593147277832,5.778747472291004,-6.394884621840902e-15,2.7309830850151817,-5.344510266273465,5.80482832170491,0.4385787934951516,2.0506154375404058
156,156.0,-5.074501609802246,5.479889600697139,2.1316282072803005e-15,2.1815760811268183,-5.422728230192849,5.882608582182904,0.3482266203906007,1.171878671842332
157,157.0,-4.9436393737792965,5.343097665040329,-6.394884621840902e-15,2.2303595342965252,-5.474163701508795,5.935603241188755,0.5305243277295038,1.748963883908922
158,158.0,-5.1496929168701175,5.828517706768095,-6.0396132539608514e-15,2.4672162807033535,-5.498562643863292,5.96343696048725,0.34886972699318075,1.8711466167683455
159,159.0,-4.964900970458984,5.659068287455173,6.394884621840902e-15,3.0928134262028273,-5.495804552509396,5.965914217766162,0.5309035820504056,1.697617033023267
160,160.0,-5.156590270996094,5.7456002107907445,-4.618527782440651e-15,2.9019518842824534,-5.46590304947612,5.943017663691709,0.3093127784800309,1.6025852366302216
161,161.0,-5.17293701171875,5.896766231634514,7.105427357601002e-16,3.0362588125086916,-5.409005816290147,5.894907979508342,0.23606880457139715,1.9819097732895112
162,162.0,-4.644302558898926,5.263218839693678,5.684341886080802e-15,2.928729902205707,-5.325393864586629,5.821925216948848,0.6810913056876988,1.864627685032232
163,163.0,-5.4652093887329105,6.396190300568945,-2.842170943040401e-15,2.956677226336805,-5.215480148211492,5.72459179192213,-0.2497292405214151,1.8974847071441685
164,164.0,-5.6522623062133786,6.003480017994653,-9.947598300641402e-15,2.5643738929564766,-5.07980752366996,5.603617514430945,-0.572454782543409,1.0896983123832598
165,165.0,-5.213122940063476,5.7417938130665815,1.7763568394002505e-15,2.511577339859157,-4.919046068994538,5.459907296314701,-0.2940768710689402,1.8838184928095958
166,166.0,-3.846771240234375,4.5616669409177115,-7.105427357601002e-16,3.062276169560157,-4.733989774274337,5.294572520078643,0.8872185340399643,1.5974715913186956
167,167.0,-4.183781147003174,4.74556461451979,-3.197442310920451e-15,2.9630395912148537,-4.525552620191076,5.108947523172987,0.34177147318790485,1.4837816615225847
168,168.0,-4.978328895568848,5.8066790598904,0.0,2.8865488393854712,-4.294764063929504,4.904613318126894,-0.683564831639343,2.723608413200333
169,169.0,-4.323590564727783,5.053940792048033,0.0,2.823861027772358,-4.042763954757113,4.683431619935415,-0.2808266099706694,1.6502629499216426
170,170.0,-4.2991838455200195,4.76705394555941,-4.618527782440651e-15,2.6151453413999994,-3.7707969043847434,4.447593603613445,-0.5283869411352707,1.6149510240415637
171,171.0,-3.8596896171569823,4.801784567044617,-3.907985046680551e-15,2.80280766134573,-3.4802061399124407,4.1996896892975615,-0.3794834772445382,1.590157023930066
172,172.0,-3.057028865814209,4.203247599023933,2.1316282072803005e-15,2.742990242623773,-3.1724268697205193,3.94280909898341,0.11539800390630817,2.059745194396845
173,173.0,-2.4951741218566896,2.984586952222424,-1.0658141036401502e-15,2.444682918937392,-2.8489791950711876,3.6806806750490075,0.3538050732144996,1.6007737748368347
174,174.0,-2.1429349899291994,3.1377510635036354,-3.552713678800501e-15,2.5074376301707044,-2.5114606024299677,3.4178682249234544,0.3685256125007725,1.4502911926771942
175,175.0,-1.6655869960784913,2.6538339629447876,3.552713678800501e-16,2.5530886105301143,-2.1615380735867,3.1600305435935523,0.4959510775082081,1.682386475677006
176,176.0,-1.9787375926971436,3.1629155068750845,-5.329070518200751e-16,2.500901926107239,-1.8009398525437745,2.9142382674981513,-0.17779774015336863,1.9163993261575571
177,177.0,-1.1836060523986816,2.5627395008221985,-1.7763568394002506e-16,2.6599902764321777,-1.4314469098344682,2.6892856278394026,0.2478408574357868,1.627158551789707
178,178.0,-0.6751224040985108,1.9165267634074805,-7.105427357601002e-16,2.7428432576099127,-1.0548841464283776,2.4958129853407325,0.3797617423298674,1.3915954981772825
179,179.0,-0.5642261981964112,1.6572274825250115,-2.4868995751603505e-15,2.2221371889310437,-0.6731113806674122,2.345859004784935,0.10888518247100336,1.3126551684220849
180,180.0,-0.48076229095458983,2.1537587516443386,-1.7763568394002505e-15,2.327104548119304,-0.2880141627471642,2.2513326565947085,-0.19274812820742385,1.8795349056142179
181,181.0,-0.7788542747497559,2.552321326481017,1.7763568394002506e-16,3.121020319548446,0.09850553788953481,2.221258563455473,-0.8773598126392909,2.303795131665871
182,182.0,0.9060077667236328,1.9734243647347245,-8.881784197001252e-16,2.730796033165044,0.4845387262527092,2.258800819197446,0.4214690404709245,1.5247286946763836
183,183.0,1.097702693939209,2.62174820231194,1.7763568394002506e-16,2.395674831374472,0.8681788102040429,2.3600327734089337,0.22952388373516616,1.7387372792696076
184,184.0,0.933919620513916,2.3788560620692443,-7.105427357601002e-16,2.043990011710354,1.24753101698807,2.5154491458533244,-0.3136113964741531,2.2535765096881186
185,185.0,1.0468738555908204,2.6820513367519645,2.6645352591003757e-15,1.9762434143350451,1.6207217513883232,2.713009262748775,-0.5738478957975058,1.560203899759746
186,186.0,2.2407273292541503,2.890015833754955,-1.4210854715202005e-15,2.19025531135581,1.9859078492889726,2.9407784796032876,0.25481947996517923,1.4813656201139522
187,187.0,2.45507926940918,3.0441570105789757,-8.881784197001252e-16,2.183513754541103,2.341285680939342,3.1883148554948937,0.11379358846983904,1.8706933597627582
188,188.0,2.533958911895752,3.4354276986964556,1.9539925233402757e-15,2.2757734358151858,2.68510005896075,3.4470282922915967,-0.15114114706499956,1.7756687378519547
189,189.0,3.0630477905273437,3.887919450677228,1.4210854715202005e-15,2.4166882049558933,3.0156529070997915,3.7100220355021643,0.04739488342755036,1.57398536429037
190,190.0,3.587852668762207,4.40359642360841,-5.151434834260726e-15,2.384813933537359,3.3313116469135826,3.9717742238158515,0.25654102184862937,2.146505176896879
191,191.0,3.5755714416503905,4.33788682682972,0.0,2.283387298141443,3.6305172609656147,4.227825759616368,-0.054945819315223354,1.8079328075639949
192,192.0,3.7809236526489256,4.559748625452243,7.105427357601002e-16,2.1750489787658696,3.911791992708788,4.474527647039761,-0.13086834005986323,1.639207335134405
193,193.0,4.480222702026367,4.944500930134619,5.329070518200751e-15,2.201755773700896,4.173746645026343,4.708852361154285,0.306476057000018,1.815989549403074
194,194.0,4.073489952087402,4.6587733125007205,3.552713678800501e-15,2.8441337127396484,4.415087441383601,4.928258273343547,-0.341597489296202,1.4535513599355931
195,195.0,5.22024974822998,5.793018810934757,1.0658141036401502e-15,2.4075345275981146,4.634622415703896,5.130593932245554,0.5856273325260826,1.8857214164690104
196,196.0,5.288151550292969,5.679787900264621,-2.4868995751603505e-15,2.0574011973809765,4.831267299409431,5.314031005775129,0.45688425088354023,1.8078480066758935
197,197.0,4.949630928039551,5.520027817757178,2.4868995751603505e-15,2.3296391545253274,5.00405087655138,5.477017437697096,-0.054419948511832114,1.7379940765291733
198,198.0,5.141270637512207,5.755021588249305,-1.7763568394002505e-15,2.653982570539049,5.152119780580586,5.618244759128942,-0.010849143068377453,1.8089862836845014
199,199.0,5.157786560058594,5.673511198966401,-1.0658141036401502e-15,2.673704524120318,5.2747427090679695,5.736625306505197,-0.11695614900937412,1.451269278767474
200,200.0,5.7830249786376955,6.364886655484743,2.842170943040401e-15,2.535994907294557,5.371314035558397,5.831276398122149,0.411710943079295,2.0834863832666213
201,201.0,5.326402473449707,6.28844507047,-7.105427357601002e-15,2.7273757350149133,5.441356800719288,5.901509435314955,-0.1149543272695743,1.768761678415627
202,202.0,6.0889732360839846,6.676335900699912,6.0396132539608514e-15,2.739845583278175,5.484525068010912,5.9468225346677315,0.6044481680730657,1.9504447991918248
203,203.0,4.766769599914551,5.534000922985096,4.263256414560601e-15,2.884781786948896,5.500605632243859,5.966895751486493,-0.7338360323293129,1.5912071718284087
204,204.0,5.419209671020508,5.93073116164614,1.4210854715202005e-15,2.4376245961925913,5.48951907258523,5.961588285189984,-0.0703094015647235,1.4938807059510348
205,205.0,5.026386642456055,5.536363873037814,-2.1316282072803005e-15,2.8667052407596176,5.451320144812827,5.930937309524471,-0.4249335023567694,1.3810594315337832
206,206.0,5.1561534881591795,5.918511695700981,2.842170943040401e-15,2.548899906716873,5.386197510880023,5.875158277885332,-0.23004402272084667,2.055011910419728
207,207.0,5.768702697753906,6.476932687261112,-9.237055564881303e-15,2.5734430922570444,5.294472807126975,5.794646742839974,0.4742298906269397,2.029739056144438
208,208.0,4.804237365722656,5.232020106970995,0.0,3.010689558815955,5.176599055740217,5.689981922590708,-0.3723616900175606,1.551726465044457
209,209.0,4.917035675048828,5.767963222837974,2.842170943040401e-15,3.035775093415534,5.033158427306331,5.561932469748809,-0.11612275225750553,1.6844352308011805
210,210.0,5.006993103027344,5.887961605938823,-2.1316282072803005e-15,2.919275089284532,4.8648593655103065,5.411465178106723,0.1421337375170399,1.5892841818031962
211,211.0,4.488605499267578,4.830264600827009,1.4210854715202005e-15,2.5191817586023375,4.672533088179466,5.23975773871891,-0.18392758891189015,1.4327801400341422
212,212.0,4.342095565795899,4.997771202808453,2.842170943040401e-15,2.7370210678431928,4.457129481954158,5.048217179468216,-0.11503391615826222,1.436711588830436
213,213.0,3.3737503051757813,3.9003688920674353,-8.526512829121202e-15,2.491381688522579,4.21971241086105,4.838506364870045,-0.8459621056852609,1.6179899061603742
214,214.0,3.4191383361816405,3.999033496248575,-5.684341886080802e-15,2.7273079948757695,3.9614544619597387,4.612581993364723,-0.5423161257780925,1.4542020303155738
215,215.0,3.6497406005859374,4.171924894922784,-5.684341886080802e-15,2.713723400949991,3.6836311540135904,4.372749029078309,-0.0338905534276472,1.7267321385086531
216,216.0,3.3994510650634764,3.9853688191176775,2.1316282072803005e-15,2.4420528653077915,3.387614637787732,4.121738557310832,0.011836427275742523,1.9189638198808223
217,217.0,3.150300979614258,3.682196421639975,-3.552713678800501e-15,3.153422571235749,3.0748669190880635,3.862818647584819,0.07543406052619832,1.4729645922245749
218,218.0,2.771231460571289,4.330292742257696,-4.973799150320701e-15,2.854684293323884,2.7469326380121815,3.5999504688687907,0.0242988225591124,1.976757921437863
219,219.0,1.936241912841797,2.8496083433390087,3.552713678800501e-15,2.96869613243341,2.4054314400751378,3.3380027876886857,-0.4691895272333445,1.6343063125919275
220,220.0,2.1841407775878907,3.0858074578583614,-1.8474111129762605e-14,2.7686628170469447,2.052049976888374,3.0830317803370804,0.13209080069953558,1.6607461416385239
221,221.0,1.9048480987548828,2.489706274202624,2.842170943040401e-15,2.6854977251951864,1.6885335759000166,2.842606925123974,0.21631452285486344,1.1036705490103396
222,222.0,0.8001617431640625,2.1236480063312646,-2.842170943040401e-15,2.4174709016711993,1.31667762033922,2.626092304439848,-0.5165158771751546,1.6182853083048678
223,223.0,0.42151527404785155,2.042079539520229,1.3500311979441903e-14,2.7188278144230242,0.9383186819382546,2.444644738893577,-0.5168034078904163,1.822761721550094
224,224.0,0.13422660827636718,1.9696868896219886,-2.1316282072803005e-15,2.3304841313176015,0.5553254502273816,2.31048690226584,-0.4210988419510123,1.599446815975076
225,225.0,-0.1783161163330078,2.033424336281606,-6.394884621840902e-15,2.5750413414610986,0.1695895032020202,2.2349795624921738,-0.3479056195350216,1.4956888215211415
226,226.0,-0.6791786193847656,1.9776919494430307,6.394884621840902e-15,2.4360817454027197,-0.2169840350546076,2.225626152382628,-0.46219458433016436,1.2805441720124797
227,227.0,-0.5026451110839844,1.7639389511336545,1.2789769243681804e-14,2.4297157385245276,-0.60248590365211,2.28342009500285,0.09984079256811276,1.433289184243526
228,228.0,-1.1802345275878907,2.419104254432163,2.1316282072803005e-15,2.6406177226295924,-0.9850121346050124,2.4024525854812273,-0.1952223929828804,1.6526512506377298
229,229.0,-1.3416568756103515,2.3963369887641806,1.3500311979441903e-14,2.1263471571125403,-1.362673456403421,2.572104096807653,0.021016580793055944,1.4423199243126956
230,230.0,-0.41402664184570315,1.9202637484387841,9.947598300641402e-15,2.4255800805811294,-1.733604624998923,2.780140000147385,1.3195779831532104,2.0548879619563962
231,231.0,-1.5502063751220703,2.3557726920832267,-3.552713678800501e-15,2.440255754695347,-2.095973636120278,3.014993398941968,0.5457672609982112,1.5152308547588542
232,232.0,-1.99197998046875,2.66452254705083,2.1316282072803005e-15,2.4787310318766616,-2.44799077342029,3.2667851663929532,0.4560107929515378,1.3573449251643563
233,233.0,-3.3842918395996096,3.7446388436321567,4.973799150320701e-15,2.3075986448264603,-2.7879174477652766,3.5274735634456427,-0.5963743918343382,1.6125003903565203
234,234.0,-2.175210952758789,3.0899250879882847,4.973799150320701e-15,2.474857094986411,-3.1140747840106453,3.790618762994292,0.9388638312518507,1.7827480903072874
235,235.0,-3.5114646911621095,4.106275342543948,1.4210854715202005e-15,2.4629273631999684,-3.4248519128532444,4.051055525074226,-0.08661277830886657,1.553431401265213
236,236.0,-3.3326244354248047,3.9123895175690024,0.0,2.492832934751495,-3.7187139268071348,4.3045968443288585,0.3860894913823305,1.9910976152648179
237,237.0,-3.442292022705078,4.271269007435571,-2.842170943040401e-15,2.7999587273569566,-3.994209461009291,4.547801565174844,0.5519174383042149,1.9340113751570678
238,238.0,-4.504655838012695,5.097818132975393,3.552713678800501e-15,2.666480364571691,-4.2499778614136705,4.777803431302587,-0.2546779765990286,1.387173977958112
239,239.0,-4.9073486328125,5.551154848659018,-2.842170943040401e-15,2.545593700339084,-4.484755904970662,4.992189075748534,-0.42259272784183616,1.8683150901834416
240,240.0,-5.273261642456054,5.816413920561562,3.552713678800501e-15,2.5434162963212175,-4.69738403860144,5.188912149392935,-0.5758776038546178,1.565787497619909
241,241.0,-5.194667053222656,5.871668483570051,5.684341886080802e-15,2.878109481307576,-4.886812106153152,5.366233236078041,-0.30785494706950967,1.5750516772397263
242,242.0,-4.498820877075195,5.090961134266012,-4.263256414560601e-15,2.4763111705111034,-5.052104535049997,5.522677897399102,0.5532836579748059,1.7323298674405527
243,243.0,-5.062984848022461,5.503477617377327,-5.684341886080802e-15,2.5894286230740895,-5.192444957023759,5.657007403474586,0.1294601090013045,1.8903452452568357
244,244.0,-4.817575836181641,5.759485460756762,-7.105427357601002e-16,2.5930176892199226,-5.3071402401021395,5.768198348624566,0.4895644039204997,2.084086908747328
245,245.0,-5.913062858581543,6.480946580782569,4.263256414560601e-15,2.2657529767361586,-5.395623911941259,5.8554285196378135,-0.5174389466402873,1.4062601401501573
246,246.0,-5.500498580932617,5.962670720908049,1.4210854715202005e-15,2.3864243563195866,-5.457458957594784,5.918067203503733,-0.04303962333783549,1.6896325536580363
247,247.0,-5.2078102111816404,5.788759667136635,1.0658141036401502e-15,2.3497914904483626,-5.492339977901524,5.9556686966155965,0.2845297667198811,1.4647058743670551
248,248.0,-5.4292093276977536,5.909165519791465,-8.526512829121202e-15,2.5432744587577285,-5.500094697831508,5.967968187696632,0.0708853701337625,1.8315861255713868
249,249.0,-5.944343948364258,6.408796879590036,-1.4210854715202005e-15,3.1634274002927603,-5.48068481734086,5.954879489014131,-0.46365913102339684,1.2596276800940311
250,250.0,-5.665946388244629,6.271577117313059,3.552713678800501e-15,2.8691197171235197,-5.434206200533144,5.916494325813291,-0.23174018771148758,1.3857851209082188
251,251.0,-5.232312774658203,5.8532872518398165,-2.1316282072803005e-15,2.9081473126294664,-5.360888402192973,5.853083093000861,0.12857562753477228,1.7571600478133487
252,252.0,-4.929757881164551,5.310160417590552,-7.815970093361103e-15,2.8814777479744222,-5.261093534030236,5.765097175950371,0.33133565286569266,1.457606760861236
253,253.0,-4.477060699462891,5.0645575986608975,0.0,2.644889403630084,-5.135314476234577,5.65317313213144,0.6582537767716858,1.6593192205630602
254,254.0,-4.663508605957031,5.347910799565414,-5.684341886080802e-15,2.8821448702629127,-4.984172443173019,5.518139267211533,0.32066383721599323,1.8747565335122442
255,255.0,-4.965849781036377,5.504106481540559,-3.552713678800501e-15,2.6369249832114274,-4.808413915253698,5.361025444264799,-0.15743586578267502,1.1606630381587286
256,256.0,-4.823266983032227,5.502552812109142,-3.552713678800501e-15,2.5276126567149357,-4.608906952109011,5.183077379138543,-0.2143600309232109,1.3232809723377597
257,257.0,-4.59951639175415,5.05728907221491,-3.907985046680551e-15,2.4249851095222184,-4.3866369053070065,4.985777256425793,-0.2128794864471401,2.215838612590325
258,258.0,-3.8912609100341795,4.615203873344404,1.9539925233402757e-15,2.7205955293317485,-4.142701551765807,4.770873328834315,0.25144064173162506,1.846696772274299
259,259.0,-4.179267692565918,5.17038348806817,3.197442310920451e-15,2.867755426050869,-3.8783056719067672,4.540422344320386,-0.30096202065915334,2.083892685827781
260,260.0,-2.749748706817627,3.9131577452718997,3.3750779948604757e-15,2.798101699277047,-3.594755099324355,4.296850304651414,0.8450063925067249,1.6182727512135617
261,261.0,-3.047378730773926,3.6724576843556505,5.329070518200751e-16,2.5095335030687096,-3.2934502713612552,4.043039290336663,0.24607154058732877,1.462898904482554
262,262.0,-2.9306029319763183,3.22598235143377,1.0658141036401502e-15,2.6380601637876704,-2.975879312441911,3.7824507903501225,0.04527638046559161,1.3693416684374595
263,263.0,-2.0959875106811525,3.013672035863789,-5.329070518200751e-16,2.5729567199082344,-2.643610684325275,3.519298391588157,0.5476231736441225,1.787004067261625
264,264.0,-2.255636978149414,2.8782657720104767,-5.329070518200751e-16,2.073515586421584,-2.2982854395769605,3.258782211052105,0.04264846142754749,1.3835688106370687
265,265.0,-2.2082736015319826,3.3671732541511137,5.329070518200751e-16,2.568793417773832,-1.94160911652027,3.0073869995179745,-0.2666644850117126,1.8696751804893645
266,266.0,-2.2024396896362304,2.9668076198122364,8.881784197001252e-16,2.288565699371168,-1.5753433156961818,2.7732091246041937,-0.6270963739400499,1.7903850884764638
267,267.0,-1.754652452468872,2.971343254989441,-1.9539925233402757e-15,2.5817972475486815,-1.2012969994360643,2.566185578473063,-0.5533554530328054,1.7913313814236338
268,268.0,-1.0641435623168944,2.2171269904883983,2.6645352591003756e-16,2.47573882143625,-0.8213175575173925,2.397925337621157,-0.24282600479950206,1.7210990599033846
269,269.0,-0.4822570323944092,2.1482816219873317,6.217248937900876e-16,2.9643837054481943,-0.4372816830290584,2.2806538978790036,-0.04497534936535129,1.7946718542594335
270,270.0,-0.21195650100708008,1.8612435155882054,1.1546319456101628e-15,2.5874510116836,-0.051086103509585576,2.224891710812679,-0.16087039749749565,1.5101805802715915
271,271.0,1.042825412750244,2.0919802998168047,3.552713678800501e-16,2.1712659449311027,0.33536178686363183,2.2363555122583896,0.7074636258866119,1.6660698525307944
272,272.0,0.15349225997924804,2.0669800600237815,2.6645352591003757e-15,2.263471855001902,0.7201533477667439,2.31382835188952,-0.5666610877874987,1.8442414524994681
273,273.0,0.5817926406860352,2.1640524742242864,3.552713678800501e-16,2.3752596544537226,1.1013881193764843,2.449639670005805,-0.5195954786904495,1.8740190525470444
274,274.0,1.9695874214172364,2.8501179786682855,-3.552713678800501e-16,2.4525363097838104,1.4771832086144485,2.632360107862677,0.49240421280278823,1.455146194993975
275,275.0,1.5496217727661132,2.319146709845817,4.085620730620576e-15,2.5174547892231964,1.8456825886302048,2.8497780764806393,-0.2960608158640958,1.4250467717154185
276,276.0,1.4611278533935548,2.5192488111404105,2.4868995751603505e-15,2.417144203743411,2.205066265593917,3.090786707178276,-0.7439384122003652,1.8281168074457095
277,277.0,2.566823959350586,3.2505746144710823,-4.085620730620576e-15,2.2965487316149553,2.5535592675244354,3.3460800932075863,0.013264691826154407,1.3666403446676103
278,278.0,2.427409839630127,3.0430707215474455,-2.1316282072803005e-15,2.4256188680724677,2.889440410757329,3.6081407045593377,-0.46203057112720025,1.599507029146737
279,279.0,2.518863868713379,3.5063636443165604,3.552713678800501e-15,2.4062443201695807,3.2110508007560106,3.870954093898061,-0.6921869320426352,1.8726153573339097
280,280.0,3.7477601051330565,4.305631861998889,2.842170943040401e-15,2.4320301230255756,3.516802025281195,4.129683608307996,0.23095807985185898,1.7502818825768953
281,281.0,3.7573544502258303,4.152718122206613,-5.329070518200751e-15,2.7870367633152733,3.8051839994527477,4.38039253624555,-0.047829549226912446,1.6200146878482724
282,282.0,3.766361427307129,4.344397588647557,1.4210854715202005e-15,2.866496074241532,4.07477242395817,4.619831593988168,-0.3084109966510426,1.7117854857179589
283,283.0,4.382430458068848,5.315953443141666,-1.7763568394002505e-15,2.915186083936125,4.324235819571743,4.845284421037346,0.05819463849710591,2.150189935022778
284,284.0,5.155977249145508,5.931265646514421,2.4868995751603505e-15,2.8262347477444014,4.5523421032414735,5.05445791594542,0.6036351459040327,1.9048707774859583
285,285.0,4.879901885986328,5.846636828073653,1.7763568394002505e-15,2.226590145949329,4.757964673265084,5.245405239296474,0.12193721272124262,2.125077032855597
286,286.0,4.91855411529541,5.451749842975408,-3.197442310920451e-15,2.914105450062448,4.9400879735005505,5.416471986288501,-0.02153385820513636,1.8037615059041914
287,287.0,5.071875,5.649043906302289,0.0,2.5681668874905625,5.097812509130041,5.5662586123661155,-0.02593750913004027,1.561264910468717
288,288.0,5.683657646179199,6.204882869707825,4.618527782440651e-15,2.5252407556179577,5.23035928920481,5.6935942294347575,0.4532983569743848,1.934946954710164
289,289.0,4.520775032043457,4.979963109707419,-3.552713678800501e-15,2.9288741143017365,5.337073674029443,5.797518374344823,-0.8162986419859821,1.7571081240261477
290,290.0,5.236188507080078,6.079505741116586,1.4210854715202005e-15,3.046573754949585,5.41742860838358,5.877268400202937,-0.1812401013035035,2.180111750036399
291,291.0,5.187883567810059,5.87426044739569,-3.552713678800501e-15,2.90604557741286,5.4710272246124925,5.9322708754701425,-0.2831436568024305,1.6753339581368463
292,292.0,5.661537742614746,5.999498846669101,1.0658141036401502e-15,2.862773031058702,5.497604802729899,5.962135893123667,0.16393293988484642,1.228711317499193
293,293.0,5.52653923034668,6.210613976764228,7.105427357601002e-16,3.1473283222644928,5.497030077852306,5.966653564125224,0.029509152494374757,1.5816734699510084
294,294.0,4.94953498840332,5.29439358745189,-9.237055564881303e-15,2.999125878584883,5.4693058885075,5.945792247452067,-0.5197709001041705,1.4260608959306835
295,295.0,5.013197326660157,5.653221335582908,-2.1316282072803005e-15,2.9948689647682363,5.414569162615262,5.899698290279483,-0.4013718359551038,1.8314392858961206
296,296.0,5.413105773925781,6.161209836600684,-1.4210854715202005e-15,2.7473897125227222,5.333090241209498,5.828697245046417,0.08001553271628495,1.7163007123348077
297,297.0,5.0266258239746096,5.801542079480987,7.105427357601002e-15,3.011301650442274,5.225271543241925,5.733296719166878,-0.19864571926732325,1.717119020923348
298,298.0,4.380950164794922,4.981063899446008,3.552713678800501e-15,2.388581901817745,5.091645578061771,5.614191221500862,-0.7106954132668533,2.0773949655447934
299,299.0,4.771664810180664,5.487835493708382,2.842170943040401e-15,3.0944996804567433,4.932872315387619,5.472269623830992,-0.1612075052069586,1.5240109482565707
300,300.0,4.412246322631836,4.893349480175211,0.0,3.101458919692736,4.749735925761056,5.3086261890967865,-0.3374896031292196,1.713241025527877
301,301.0,5.199863433837891,6.0503639663841735,-1.4210854715202005e-15,2.8527140953705725,4.54314090758076,5.124576576708527,0.6567225262571317,1.9237800434254477
302,302.0,3.7050872802734376,4.450088587925306,-4.973799150320701e-15,2.326952315813057,4.314107619845267,4.921680882671287,-0.6090203395718242,1.8052179712934622
303,303.0,4.038043212890625,4.756018080918089,-1.2789769243681804e-14,2.4763507532698075,4.0637672426680265,4.7017766963817165,-0.025724029777388125,1.6570171513254914
304,304.0,3.37122802734375,4.07208442141043,9.237055564881303e-15,2.673016874733335,3.7933561904544097,4.467026470598878,-0.42212816311066914,1.8697504055281102
305,305.0,3.613661193847656,4.385423882919608,2.1316282072803005e-15,2.487778098145413,3.504210005333454,4.21998532981821,0.1094511885141997,1.682529171323143
306,306.0,3.2873287200927734,4.433133853770626,1.2079226507921703e-14,2.53196393432139,3.1977567610045026,3.9636978461156542,0.08957195908825896,1.9803197733137547
307,307.0,3.5617252349853517,4.057424368220797,2.1316282072803005e-15,2.358432497934008,2.875510009576622,3.701835060260221,0.6862152254087268,1.7464819137020646
308,308.0,3.0193771362304687,3.895688895580863,-2.842170943040401e-15,2.4702344141252484,2.5390613062357197,3.43888497158175,0.4803158299947524,1.583535195607024
309,309.0,2.1895442962646485,3.1532698352246475,-3.552713678800501e-15,2.4025419145403775,2.1900723486597986,3.180407258077269,-0.000528052395146672,1.2501353609470693
310,310.0,2.144483184814453,2.603075731436541,-3.552713678800501e-15,2.381977457088088,1.830266770005157,2.9333467883708515,0.31421641480929996,1.3639292671611327
311,311.0,1.4737663269042969,2.1510750455845424,6.394884621840902e-15,2.6319689004752327,1.4614216259972015,2.7063504106498204,0.0123447009070892,1.0614549969247973
312,312.0,1.2341728210449219,2.162500687988333,3.552713678800501e-15,2.22783196095144,1.085358618171041,2.5099158752399897,0.14881420287387734,1.8190876301418673
313,313.0,0.6095550537109375,2.77576488251566,-1.1368683772161604e-14,2.468227645631625,0.7039350966091207,2.3560086291126128,-0.09438004289817181,2.107268695744674
314,314.0,0.365313720703125,2.452059770842651,-5.684341886080802e-15,2.1703151448851656,0.3190348866132564,2.256636046233019,0.04627883408987425,1.4911653840671275
315,315.0,-0.11773872375488281,2.0598286399741874,7.105427357601002e-16,2.2132547522177304,-0.06744101538267602,2.2211732749440105,-0.050297708372207615,2.1579404339787627
316,316.0,-0.14999923706054688,1.4347170881991376,-1.1368683772161604e-14,2.051677862911787,-0.4535838307072907,2.2533360436199583,0.3035845936467552,1.5367793084750165
317,317.0,-0.9235221862792968,2.1163412573818023,-2.842170943040401e-15,2.096509616487259,-0.8374864257820309,2.349745620495159,-0.08603576049726314,1.286024436107415
318,318.0,-1.4978134155273437,2.2406537642217406,-1.0658141036401503e-14,2.26672877701156,-1.2172527313264914,2.501239250295061,-0.28056068420084157,1.1301124908977631
319,319.0,-0.8142414093017578,1.9198250945189146,3.552713678800501e-15,2.0585818011314956,-1.5910071069181018,2.6958677294075644,0.7767656976163403,1.8485789811793145
320,320.0,-2.0642261505126953,3.038275217055346,-2.1316282072803005e-15,2.5781840695153657,-1.9569036046548518,2.9216196216047194,-0.1073225458578416,1.614978919212964
321,321.0,-2.2496006011962892,2.9310902709502153,1.4210854715202005e-15,2.5806103251945025,-2.313135086168663,3.167909487272958,0.06353448497237255,1.6101553124641517
322,322.0,-3.174050140380859,3.988454805659088,4.973799150320701e-15,2.7659726605602537,-2.6579421479612124,3.4260002744635254,-0.5161079924196526,1.7585770708000554
323,323.0,-3.9452030181884767,4.434863399585097,1.4210854715202005e-15,2.675480602623717,-2.989621810980264,3.688870282698606,-0.9555812072082137,1.9483412171695715
324,324.0,-3.770524597167969,4.207702012085474,8.526512829121202e-15,2.9075653149605882,-3.3065359315194387,3.9508993299203423,-0.4639886656485392,1.3588531167129767
325,325.0,-3.823193359375,4.62813158712254,-1.4210854715202005e-15,2.680362363390994,-3.6071192919006947,4.207553151470003,-0.21607406747430344,1.6315954026794455
326,326.0,-3.964834213256836,4.40041916892794,-9.947598300641402e-15,2.6095097958442484,-3.8898873309798025,4.455125427110133,-0.07494688227702329,1.4109454082221304
327,327.0,-4.231628799438477,4.946598901239587,0.0,2.712067803361873,-4.153443476294789,4.690544324469351,-0.07818532314368784,1.9429639108137253
328,328.0,-4.306436157226562,4.88901493496064,-8.526512829121202e-15,2.7270279981130576,-4.396486041644026,4.911233160895575,0.09004988441747164,0.9440354114388593
329,329.0,-5.0303394317626955,5.631615517844464,3.552713678800501e-15,2.552725752272133,-4.6178146560274165,5.115011931966506,-0.412524775735283,1.7180825341609027
330,330.0,-4.342426681518555,4.955428960863887,5.684341886080802e-15,2.5143876371223963,-4.816336192198684,5.300028298173152,0.4739095106801231,2.1181047494559024
331,331.0,-4.709733581542968,5.219978362055581,2.842170943040401e-15,2.4445162573043353,-4.991070165547795,5.464709369222945,0.28133658400482425,1.2582955717073427
332,332.0,-4.329063034057617,4.9442608633309675,0.0,2.431231251329391,-5.141153576648962,5.607728055677532,0.8120905425913453,2.00815031875749
333,333.0,-5.155370712280273,5.713301699411454,-2.1316282072803005e-15,2.7812346385007722,-5.2658451735572145,5.727979614346267,0.11047446127694263,1.6833577587922461
334,334.0,-4.195668792724609,5.006112586647244,1.4210854715202005e-15,2.9183823262011788,-5.3645291128022325,5.824565350998661,1.1688603200776206,2.415905746294728
335,335.0,-5.326938629150391,5.896982545455264,-4.618527782440651e-15,3.045159656497215,-5.436718000998108,5.896781384465767,0.1097793718477215,1.6960575331877878
336,336.0,-5.494780349731445,5.993296724542326,2.1316282072803005e-15,3.2627057502221195,-5.482055302046765,5.944111034960989,-0.01272504768468219,1.6016097725522767
337,337.0,-5.430718231201172,5.942685856670134,0.0,3.1917419403128653,-5.500317098045914,5.966219865652688,0.06959886684474297,1.8219854786731051
338,338.0,-5.706481552124023,6.15748792237859,-1.0658141036401502e-15,3.0375843285883857,-5.491413195204624,5.9629527449931725,-0.21506835691939888,1.6478791161468482
339,339.0,-5.428441429138184,6.1261753243116726,1.4210854715202005e-15,2.941011486539422,-5.455387569304428,5.934332554486228,0.026946140166242548,1.8601000952899711
340,340.0,-5.560613632202148,6.240101086560903,1.4210854715202005e-15,3.0041531392055645,-5.392418148505889,5.880560376520523,-0.1681954836962612,1.8022961182242339
341,341.0,-4.912861442565918,5.41839743421207,-4.618527782440651e-15,2.9709674384504896,-5.302815934573282,5.802017186320327,0.3899544920073685,1.9186466582757997
342,342.0,-5.94887866973877,6.295743631401408,-2.842170943040401e-15,2.9205258747053366,-5.187023466857649,5.699267264461505,-0.7618552028811175,1.590058376051539
343,343.0,-5.238961982727051,6.0220565297460755,-1.7763568394002505e-15,3.040400502380793,-5.04561263662452,5.573063765730191,-0.1933493461025283,1.6688089989636574
344,344.0,-5.151264190673828,5.675475309557776,1.4210854715202005e-15,3.345086417114241,-4.879281862521109,5.424357154542388,-0.2719823281527196,2.0061140308183707
345,345.0,-4.382604312896729,5.1729154124360965,-3.552713678800501e-15,3.077546358497854,-4.688852641133265,5.254307583418377,0.30624832823654086,1.1236462464193335
346,346.0,-4.162935447692871,4.9592078775181845,1.0658141036401502e-15,2.7697132885596263,-4.475265489668731,5.064302799677268,0.3123300419758585,1.704871835238529
347,347.0,-3.7244921684265138,4.246644527704989,7.105427357601002e-15,2.8610807915021836,-4.239575300805398,4.855983887171604,0.5150831323788772,1.8353384306000993
348,348.0,-4.030363750457764,4.592737798540469,4.263256414560601e-15,2.9987093188575673,-3.982946132646847,4.631282180580408,-0.04741761781092115,1.5954414837619388
349,349.0,-3.308879852294922,3.9748074520216843,5.329070518200751e-16,3.1542898257193195,-3.706645459517145,4.392472149523725,0.39776560722222315,1.4500765969890645
350,350.0,-3.1882951736450194,3.993435217956387,-1.7763568394002506e-16,3.083503775945138,-3.41203791198973,4.142247055076378,0.2237427383447109,1.4807916882225212
351,351.0,-2.611576700210571,3.457916801382616,1.9539925233402757e-15,2.7185618184725193,-3.1005785370681638,3.883826740015728,0.48900183685759024,1.5877995636067856
352,352.0,-2.4592856884002687,3.168789692009394,-1.9539925233402757e-15,2.500862367487876,-2.773805611806206,3.6211096103294333,0.3145199234059396,1.7998464015780733
353,353.0,-2.781259059906006,3.337099214708635,2.842170943040401e-15,2.6465917705798208,-2.433333045860075,3.3588820241335338,-0.34792601404593393,1.4327009403619193
354,354.0,-1.8730249881744385,2.7587732338872324,-3.4638958368304883e-15,2.5203310106383525,-2.080842410496472,3.103093014803702,0.20781742232203682,1.7461771223935691
355,355.0,-1.7069303512573242,2.694882459879131,0.0,2.382467102773736,-1.7180746334244479,2.8611784642558393,0.011144282167123576,1.779153573143938
356,356.0,-1.1006028652191162,2.6393622286001643,-1.7763568394002506e-16,2.1264181872117556,-1.3468214004695804,2.6423522732187346,0.2462185352504644,1.8525462776241313
357,357.0,-0.8255004405975341,2.589755196575508,6.217248937900876e-16,2.271486203394994,-0.9689163065574773,2.457640949030612,0.14341586595994246,1.856238445914957
358,358.0,-0.200034236907959,1.697379966716348,-1.5099033134902129e-15,2.3598192850307145,-0.5862257997107483,2.3192348188671748,0.3861915628027909,1.40094788295545
359,359.0,-0.12502331733703614,2.1356093370461067,1.7763568394002505e-15,2.3495920061136313,-0.20063996278692317,2.2386657234328755,0.07561664544988522,1.6581105393617201
360,360.0,-0.5968104362487793,1.5748367394739606,7.105427357601002e-16,2.447539087760574,0.1859368215145111,2.2238631078660385,-0.782747257763291,1.5950949122102527
361,361.0,0.9340828895568848,2.1395423562632647,0.0,2.5053782543872676,0.5715952762711982,2.2763967676729595,0.3624876132856865,1.5363871155177522
362,362.0,1.364699363708496,2.1705306098452417,5.329070518200751e-16,2.2771388460995716,0.954430660129081,2.3908585901738144,0.4102687035794145,1.2476742006806054
363,363.0,1.525139331817627,2.33462809460895,-2.842170943040401e-15,2.131063259677604,1.3325521746926874,2.5568914444644557,0.19258715712494218,1.2987288222364812
364,364.0,1.2257037162780762,1.9676321929489204,-7.105427357601002e-16,2.2368903971277487,1.704092303052264,2.762288968547785,-0.4783885867741864,1.5010442489800941
365,365.0,1.5247954368591308,2.8832935400131396,-3.552713678800501e-16,2.45160883504598,2.0672160333250122,2.9953775810668537,-0.5424205964658807,1.9837885717030153
366,366.0,2.9466908454895018,3.9482360350078394,-7.105427357601002e-16,2.504664628594347,2.420129921656196,3.246128926163077,0.5265609238333064,2.361217405582078
367,367.0,2.1489694595336912,2.6901874137001163,1.4210854715202005e-15,2.4932818823348626,2.7610909499186755,3.506359643563971,-0.6121214903849854,1.5667335736543808
368,368.0,3.575276565551758,4.020515888613922,1.7763568394002506e-16,2.5023880880765543,3.088415134362985,3.769513188659905,0.4868614311887726,1.3782756492856036
369,369.0,3.6756361961364745,4.349309001137826,-3.197442310920451e-15,2.82465293405101,3.4004858427005686,4.030333628266009,0.27515035343590916,2.043044928246436
370,370.0,3.7552654266357424,4.527879849063207,2.4868995751603505e-15,3.0153813909901466,3.6957617785428125,4.284564824907321,0.05950364809292752,1.8814090155716812
371,371.0,4.142486572265625,4.97016273068147,-3.552713678800501e-16,2.8579593533368035,3.9727845937608564,4.528712755456006,0.16970197850476934,1.5838642745490412
372,372.0,4.337846374511718,4.828027857830449,-1.7763568394002505e-15,2.651155060061579,4.230186091169716,4.759870042454725,0.10766028334200453,1.658899000770386
373,373.0,4.260762023925781,4.611029612581652,-3.552713678800501e-16,3.0188749048697154,4.46669498196277,4.9755905089078185,-0.20593295803698833,1.6941434024564566
374,374.0,5.243981170654297,5.8492786963721075,3.552713678800501e-16,3.096673261729933,4.681143164522241,5.173800823080151,0.5628380061320556,1.7434364391475354
375,375.0,4.266646957397461,5.0294012662259515,-2.1316282072803005e-15,2.683269048582307,4.872471493595161,5.352738658045445,-0.6058245361976973,1.8162789942878188
376,376.0,5.378263473510742,5.772054225706782,0.0,2.653900894814494,5.039735011340999,5.510909506535152,0.33852846216974364,1.6023223890667035
377,377.0,4.992298889160156,5.575977240084006,-2.842170943040401e-15,2.6961702950298787,5.182107614415319,5.6470565513133915,-0.18980872525515888,2.0177850028604145
378,378.0,5.178831672668457,5.897633931655025,8.171241461241152e-15,3.0633999633760425,5.298886134039073,5.76013967720684,-0.12005446137062381,1.1301853666159873
379,379.0,5.479186248779297,6.09514775788411,-3.197442310920451e-15,2.4930278170807227,5.389493808902222,5.849320913058211,0.08969243987707813,1.9097869578170772
380,380.0,5.649464797973633,6.321258841212849,2.842170943040401e-15,2.597678143824809,5.453483133749314,5.913954434906182,0.19598166422431515,1.4038571720369382
381,381.0,5.390487861633301,6.0189425523520255,3.552713678800501e-15,2.6769981635815046,5.490538069578094,5.953579853173656,-0.10005020794479666,1.9295601037939556
382,382.0,5.851647186279297,6.304492660862588,9.947598300641402e-15,2.9458795660794603,5.500475604535,5.967917927779372,0.351171581744288,1.6216785067992934
383,383.0,5.855949020385742,6.551821076146301,2.1316282072803005e-15,2.713925737782917,5.4832466577984995,5.95686816438641,0.37270236258724065,1.8032050538075084
384,384.0,5.644798660278321,6.565761801852738,7.105427357601002e-16,2.8945707518061212,5.43893632198599,5.92050798450834,0.20586233829232842,1.9560768922712957
385,385.0,5.655529022216797,6.230215538618685,1.4210854715202005e-15,3.2200957007165703,5.367763442887041,5.859093363233068,0.2877655793297556,1.5967352026026842
386,386.0,5.169106292724609,5.7923998758628334,-2.842170943040401e-15,2.836529041038064,5.270079538598653,5.773061016211583,-0.10097324587404073,1.601034120844989
387,387.0,4.969951248168945,5.422224581857524,3.552713678800501e-15,3.044285889425444,5.146367063400848,5.663032415546457,-0.17641581523190622,1.3215748739644346
388,388.0,4.755291366577149,5.181163592725344,2.1316282072803005e-15,3.017168237926879,4.9972370249472196,5.529820147140516,-0.24194565837007218,1.4199894804931885
389,389.0,4.7683757781982425,5.194064212881878,-5.684341886080802e-15,2.9023674338940793,4.823425966538896,5.37443742022868,-0.05505018834064812,1.6201236503308392
390,390.0,4.598213958740234,5.462502139726302,2.1316282072803005e-15,2.915998201486758,4.625792329386384,5.198111943568057,-0.027578370646151283,1.6859811208080133
391,391.0,3.7438087463378906,4.3122389928378775,-1.4210854715202005e-15,2.8292251955785668,4.40531221282578,5.0023059481239445,-0.6615034664878883,1.449646687549774
392,392.0,3.9685420989990234,4.3805455673046385,-6.394884621840902e-15,2.744673494621498,4.163074553429284,4.7887449410130865,-0.194532454430253,1.5704343692602172
393,393.0,4.884683227539062,5.270512711403699,1.4210854715202005e-15,3.0167203816214796,3.9002757468201983,4.5594589241604435,0.984407480718863,1.8684254927497976
394,394.0,4.226515579223633,4.753467612348649,5.684341886080802e-15,2.9802769347035785,3.6182137387548985,4.316841427564186,0.6083018404687283,1.9740690606083666
395,395.0,3.638694000244141,4.976984093717964,7.105427357601002e-15,3.039750300992287,3.31828161465533,4.063733891678887,0.3204123855888035,2.4151057402672427
396,396.0,2.601070022583008,3.6593368453093746,-7.105427357601002e-15,2.762783090783614,3.0019607192531734,3.80354561337101,-0.4008906966701583,1.801753882873155
397,397.0,2.8611331939697267,3.5939560461658036,2.842170943040401e-15,2.690996378738716,2.670813340327195,3.540421969255891,0.19031985364252918,1.7432822442946543
398,398.0,2.2263473510742187,2.848081931444507,2.1316282072803005e-15,2.2084935012012763,2.3264749926681345,3.279473568050891,-0.10012764159391777,1.6500442332438847
399,399.0,1.5613052368164062,3.087456292834007,-9.947598300641402e-15,1.9843696993742694,1.9706463403804217,3.027069774645176,-0.4093411035640056,2.2489425813894925
400,400.0,1.281592559814453,2.473703119451459,2.1316282072803005e-15,2.1977513936823048,1.6050847974157854,2.7911663491584546,-0.32349223760133433,1.9790902919611133
401,401.0,1.5569679260253906,3.2823654588646645,-1.1368683772161604e-14,2.1334095859935283,1.2315958478229807,2.581550595506802,0.3253720782024212,1.9392208843732754
402,402.0,1.0931236267089843,2.0844327529110167,7.105427357601002e-15,2.473774769053091,0.852024128582791,2.409720863819533,0.24109949812618642,1.784958747723749
403,403.0,0.5788253784179688,2.71729660933708,7.105427357601002e-16,2.4465657637366682,0.4682443190690256,2.2879216862460674,0.11058105934894243,2.160977639419095
404,404.0,0.1013946533203125,1.5608945600681579,-9.237055564881303e-15,2.6332605175099997,0.08215188213234385,2.2269230208344846,0.019242771187977948,1.2095470813839477
405,405.0,-0.2214324951171875,2.008013149219505,-5.684341886080802e-15,2.5356958390187496,-0.30434629746413383,2.232933079531055,0.08291380234695198,1.834274492140774
406,406.0,-0.28090705871582033,1.9377017405461257,-7.105427357601002e-15,2.757426858648745,-0.68934133102144,2.305313157566053,0.40843427230562684,1.9899762585536358
407,407.0,-1.1328266143798829,2.6205142275926416,1.0658141036401503e-14,2.8342856123080833,-1.070931753778519,2.4368300449272304,-0.0618948606013747,1.6817696338538604
408,408.0,-1.2231475830078125,1.94997475385078,-1.8474111129762605e-14,2.3402212852245703,-1.447232916119637,2.616237755908617,0.22408533311184292,1.2805859296226751
409,409.0,-2.158666229248047,2.7080546434075043,1.9895196601282804e-14,2.3191952905706166,-1.8163862917331055,2.8312998970492615,-0.34227993751496133,1.2461302659126747
410,410.0,-2.2603492736816406,2.6348383539317175,1.0658141036401503e-14,2.2708802774783097,-2.1765686567485556,3.070781915355798,-0.08378061693309594,1.3831597442693067
411,411.0,-2.490280532836914,3.2860433598930436,1.9184653865522706e-14,2.201199089108654,-2.5260010945178335,3.3252275524824317,0.035720561680900445,1.5572744474992881
412,412.0,-2.932831573486328,3.548982001408188,5.684341886080802e-15,2.6253529413312213,-2.862957781565636,3.5869844873821424,-0.06987379192069773,1.6044477362382719
413,413.0,-3.25213737487793,4.013057196620233,-4.263256414560601e-15,2.6091587043902345,-3.1857745113163505,3.849929815699956,-0.06636286356157488,1.554776092118033
414,414.0,-3.7584911346435548,4.06995150068257,-2.842170943040401e-15,2.620596214596343,-3.4928569134991485,4.109143368525119,-0.26563422114440344,1.402632641119074
415,415.0,-3.660464859008789,4.268611215712282,-1.3500311979441903e-14,2.5869831764644444,-3.782688328636399,4.360624829600261,0.12222346962762301,1.536090692629457
416,416.0,-4.491830062866211,5.134749529041137,2.1316282072803005e-15,2.3094503816435252,-4.0538372987234235,4.601076078472408,-0.43799276414279004,2.0623875939650063
417,417.0,-4.083465576171875,4.933227415047434,4.263256414560601e-15,2.93156872349283,-4.304964637104089,4.8277424981714105,0.2214990609322094,1.7712347146504097
418,418.0,-4.264432907104492,4.823493144303962,0.0,2.412600919490021,-4.534830042624231,5.038300189491961,0.270397135519738,1.248489504098962
419,419.0,-4.935504913330078,5.265909877351852,7.815970093361103e-15,2.465336719649377,-4.742298225396187,5.2307767373247,-0.19320668793389864,1.3580784473179546
420,420.0,-5.309373474121093,5.628867203311088,1.7763568394002505e-14,2.4126105303808254,-4.926344513919823,5.403495808275138,-0.38302896020128835,1.3497837248190248
421,421.0,-5.309815216064453,5.800582124687219,4.263256414560601e-15,2.6476630334052893,-5.086059915866591,5.555038474054288,-0.22375530019786644,1.6457927041027254
422,422.0,-5.151877212524414,5.907550624232628,7.105427357601002e-15,2.835453857088597,-5.220655607531929,5.684216236242654,0.06877839500750774,1.223804335368604
423,423.0,-5.530685043334961,6.067801691198554,-4.973799150320701e-15,2.5313940675518714,-5.329466829782904,5.790052252654571,-0.20121821355205244,1.576275956193
424,424.0,-4.737724113464355,5.312438699845255,-8.526512829121202e-15,2.339329823586801,-5.411956171259148,5.871768344685045,0.6742320577948011,1.9489989496707965
425,425.0,-5.767437362670899,6.208073867198966,-1.1368683772161604e-14,2.6198472389750753,-5.467716222611674,5.928776120731933,-0.2997211400592124,1.305765035247784
426,426.0,-6.151680183410645,6.4437206600640655,6.7501559897209515e-15,2.4144790246824375,-5.496471588670471,5.96067108258137,-0.6552085947401806,1.8170438621276819
427,427.0,-5.691188621520996,6.263394832291928,-7.460698725481052e-15,2.926417802785911,-5.498080248602831,5.9672289631607836,-0.19310837291815786,1.7026245554305137
428,428.0,-5.549396133422851,6.151209052565604,6.7501559897209515e-15,3.095851663019289,-5.472534257344775,5.94840382809852,-0.07686187607808301,1.6267267849054885
429,429.0,-5.026876449584961,6.060074583267143,-2.1316282072803005e-15,3.078394846743474,-5.419959784841188,5.904327698276428,0.39308333525622813,2.2369773976419314
430,430.0,-5.403272819519043,6.084136375207186,7.105427357601002e-16,2.8996920685027527,-5.340616492900875,5.835311645046499,-0.06265632661816882,1.405808383310138
431,431.0,-4.604916191101074,5.209160298582075,3.552713678800501e-15,2.6784760772639378,-5.234896252744258,5.741848498292779,0.6299800616431799,1.7286848615336534
432,432.0,-4.476589107513428,5.033592013027235,0.0,2.8401335408517303,-5.103321209577545,5.624617513405327,0.6267321020641172,1.6742548368133385
433,433.0,-5.517830181121826,6.08328487009119,2.4868995751603505e-15,2.868614062580641,-4.9465412037524725,5.484491592569974,-0.5712889773693552,1.6826489999129646
434,434.0,-4.815044498443603,5.20008318246935,0.0,2.8159852229729503,-4.765330561248163,5.322547981413734,-0.049713937195440636,1.5865607045342633
435,435.0,-4.493294811248779,5.400012946098158,4.263256414560601e-15,3.0239494790967685,-4.560584269326828,5.140083808492629,0.0672894580780445,1.7122048032323498
436,436.0,-4.352697658538818,4.8967132669101145,1.5987211554602255e-15,2.729082813183634,-4.333313556251495,4.938638464449933,-0.01938410228732528,1.600503764892382
437,437.0,-3.8925228118896484,4.601267632944962,-3.552713678800501e-16,2.8042525210039746,-4.084640896897073,4.720025715684113,0.19211808500742597,1.4755658489583368
438,438.0,-3.9802441596984863,4.605768531365503,8.881784197001252e-16,2.4261683663433264,-3.815794468921941,4.486379725958183,-0.1644496907765457,1.4995692975737205
439,439.0,-3.8743413925170898,4.294258631486835,3.552713678800501e-16,2.8818427193589162,-3.5281020868805415,4.240220942871373,-0.34623930563654887,1.4813325895293323
440,440.0,-3.3187332153320312,3.8853502171202767,1.2434497875801752e-15,2.613742667512663,-3.2229846442358943,3.9845501658961657,-0.09574857109613814,1.3189343877254878
441,441.0,-2.841127943992615,3.162011778282111,-1.9539925233402757e-15,2.6376667521473833,-2.9019490956617053,3.7229818574315474,0.060821151669091945,1.6820200255356692
442,442.0,-2.2559138536453247,3.129165958963803,-1.2434497875801752e-15,2.8322789071218293,-2.5665810142939147,3.4599298539127217,0.31066716064859157,1.3914808724470589
443,443.0,-2.6674753189086915,3.526915220533329,1.7763568394002506e-16,2.8049179967366022,-2.2185367606907707,3.2008567654183864,-0.44893855821792117,1.5024471322565132
444,444.0,-1.8682475090026855,2.431879849359136,-1.9539925233402757e-15,2.4738594712391415,-1.8595353021786796,2.9525838226814494,-0.008712206824003765,1.0669342345958421
445,445.0,-1.6048904418945313,2.901611442000524,1.2434497875801752e-15,2.095653398692318,-1.491349722987437,2.7236116464708324,-0.11354071890709556,1.9529168443550156
446,446.0,-1.4394097805023194,2.4565615760826973,8.881784197001252e-16,2.3941247418549287,-1.1157984671054897,2.524293205361102,-0.32361131339683064,1.6337451954464992
447,447.0,-0.7404917240142822,2.0466515475399607,1.1546319456101628e-15,2.4832084425286967,-0.7347363571066635,2.36651170546164,-0.005755366907619746,1.3447658327591723
448,448.0,0.23298377990722657,1.3220194816938804,3.552713678800501e-16,2.1464374909749555,-0.35004543330519866,2.2623551994666973,0.5830292132124247,1.3226184793501135
449,449.0,-0.9703566551208496,2.5590715871489924,-3.552713678800501e-16,2.224806992516974,0.036374341515622535,2.2215286133392023,-1.0067309966364717,2.1812448175334525
450,450.0,0.3626111507415771,1.9906192818958979,3.552713678800501e-16,2.2017808736589157,0.4226144658927299,2.2482892825595697,-0.06000331515115316,1.6933450374905505
451,451.0,0.8204073429107666,1.9134611914997597,1.9539925233402757e-15,2.980758419937717,0.8067673256446529,2.3398155552575575,0.01364001726611166,1.0852354000938813
452,452.0,1.639383602142334,2.707796521446649,-1.4210854715202005e-15,2.5952140266843218,1.186935615450518,2.487307773456045,0.45244798669181713,2.0017028603189466
453,453.0,1.7131442070007323,2.7193318349113365,-1.7763568394002506e-16,2.587688400274288,1.5612417095142714,2.6789262948943424,0.1519024974864613,1.6163374372479353
454,454.0,1.9915176391601563,2.6458581673022312,1.0658141036401502e-15,2.1382335633693925,1.9278369350332145,2.9025923361372388,0.06368070412694064,1.5054576561725475
455,455.0,2.7224451065063477,3.468119822724892,7.105427357601002e-16,2.3585010411086182,2.2849107026694626,3.1475793809984354,0.4375344038368844,1.6781982949690415
456,456.0,2.7575815200805662,3.286807342465328,1.7763568394002505e-15,2.442801284658904,2.6306994489297337,3.4050023643345906,0.12688207115083083,1.3160949033636844
457,457.0,3.629823112487793,4.092848125171496,1.7763568394002506e-16,2.2959020832172436,2.963495346287762,3.6677125246239752,0.6663277662000309,1.4737181624367712
458,458.0,2.9753726005554197,3.470726556172399,-6.394884621840902e-15,2.4297315734057934,3.2816547380303405,3.9299892945694106,-0.30628213747491434,1.564176859483988
459,459.0,3.178782272338867,3.9345635699062953,-2.4868995751603505e-15,2.7173345151446755,3.5836062561681152,4.187221575584968,-0.4048239838292461,1.7782284686977983
460,460.0,4.454571342468261,4.966788451527209,3.552713678800501e-16,2.6421333289529443,3.8678585823170244,4.435644480518455,0.5867127601512366,1.7021319022811026
461,461.0,4.234884643554688,4.854005605313199,-1.4210854715202005e-15,2.9382391412950692,4.133007813220397,4.67214097731656,0.10187683033429237,1.4567200411922727
462,462.0,4.11443977355957,4.622130812020856,3.552713678800501e-16,2.823687626096945,4.377744394533253,4.894098699675048,-0.2633046209736838,2.0280652246069466
463,463.0,4.4878034591674805,5.3281886620185395,-3.552713678800501e-16,2.9099781169315087,4.6008595886238055,5.099308649143888,-0.11305612945632522,1.452323701059175
464,464.0,5.143522834777832,5.699329607005294,-3.197442310920451e-15,2.744570312402349,4.801251444447895,5.285894170785926,0.34227139032994003,1.5823464745317493
465,465.0,4.852554512023926,5.277865168756365,1.0658141036401502e-15,2.9478706227084714,4.9779302400116325,5.452261325310441,-0.12537572798770785,1.405296976109133
466,466.0,5.307519912719727,5.7468257491672965,2.842170943040401e-15,2.948589270057577,5.130023370542163,5.597064252890252,0.177496542177561,1.159797928086289
467,467.0,5.896218872070312,6.410069369023,-4.263256414560601e-15,2.900580239325497,5.256779658224473,5.719181026591332,0.6394392138458437,1.815039017788816
468,468.0,5.026726722717285,5.441834173088997,4.263256414560601e-15,2.884990764545808,5.357573062218385,5.817696867869811,-0.3308463395011038,1.3058287154533947
469,469.0,5.595018577575684,6.144129239265379,7.105427357601002e-16,2.5048213886167026,5.431905770632476,5.89189256442014,0.16311280694320746,1.511725536354894
470,470.0,5.719750213623047,6.265921328173728,-4.618527782440651e-15,2.789383412685694,5.47941065918377,5.941236608404767,0.24033955443928093,1.2821668538108366
471,471.0,4.961092758178711,5.455971230296272,-7.815970093361103e-15,2.7857833231184985,5.499853104400044,5.965380052085485,-0.5387603462213256,1.451780400431863
472,472.0,4.310197448730468,4.946797502136285,-7.815970093361103e-15,2.795707103575232,5.49313214240951,5.964153424692219,-1.1829346936790335,2.025240992247176
473,473.0,5.481594848632812,6.122249411404862,8.526512829121202e-15,2.6473977416952628,5.459280967594618,5.937565316686314,0.022313881038185258,1.7195059522274228
474,474.0,5.526347732543945,6.082374294654546,-7.815970093361103e-15,2.915993096369975,5.398466768647225,5.8858024502595,0.12788096389672687,1.376402410208332
475,475.0,5.449028015136719,6.223868288687782,2.1316282072803005e-15,3.0232019047833956,5.31098990283481,5.809231245095741,0.13803811230190666,1.84122941107763
476,476.0,5.538295745849609,6.176093042909845,-1.0658141036401503e-14,2.7511553950518546,5.197282412555969,5.708401079724955,0.341013333293651,1.6676605850816815
477,477.0,4.513160705566406,5.021259772118779,3.552713678800501e-15,3.0024991355077786,5.057905891511917,5.5840496650035165,-0.5447451859455146,1.6141056003849084
478,478.0,5.227566909790039,5.948545148122202,8.526512829121202e-15,2.9053381818513233,4.8935487110326275,5.437111215056636,0.3340181987574026,2.0048932887978075
479,479.0,4.4581459045410154,5.417347630458696,-7.105427357601002e-16,3.2848491067641072,4.7050226202568455,5.268728458268531,-0.2468767157158303,1.6911403101247258
480,480.0,4.619496536254883,5.069328594717714,-8.526512829121202e-15,2.6856789778479366,4.4932587369572925,5.080270025835187,0.1262377992975996,1.7457295698495883
481,481.0,4.75737190246582,5.618346781844912,-5.684341886080802e-15,2.7924154258023632,4.259302948812157,4.873355456748395,0.4980689536536702,1.7988120003063384
482,482.0,4.4605968475341795,5.157311012755884,-8.526512829121202e-15,2.789817169507363,4.00431074783568,4.649891059764253,0.456286099698509,1.8732686868768238
483,483.0,3.2203277587890624,3.885197071734321,4.973799150320701e-15,2.5676694758141676,3.7295415234803597,4.412121293469731,-0.5092137646913021,1.7441904845282785
484,484.0,3.5102840423583985,4.105349049413017,-1.2079226507921703e-14,2.5243186504662933,3.4363523425963924,4.162702284109878,0.07393169976201805,1.4484354892560343
485,485.0,3.612385940551758,4.167896978190189,4.263256414560601e-15,2.3427140285040413,3.1261912469692223,3.9048066214962405,0.48619469358253076,1.631303796179943
486,486.0,2.620810317993164,3.231981662418301,2.1316282072803005e-15,2.3194773230984542,2.800590101537842,3.642271295088908,-0.17977978354467986,0.9678280709629581
487,487.0,1.4808971405029296,2.3748913905521567,7.105427357601002e-16,2.600883791460513,2.461157028616114,3.379802033879829,-0.980259888113185,1.8809217527414746
488,488.0,1.8745742797851563,2.6632734804661773,2.842170943040401e-15,2.1339722837498134,2.1095684654841973,3.123242859762145,-0.23499418569904362,1.5535598094430927
489,489.0,1.5969982147216797,2.22749586520557,4.263256414560601e-15,2.380757845410927,1.747560884576561,2.8798980511798105,-0.15056266985488553,1.6430820697491477
490,490.0,0.972174072265625,2.654456362640397,2.842170943040401e-15,2.516876174003351,1.3769222171607296,2.6588317841556592,-0.4047481448951076,1.9932424632428625
491,491.0,1.2567398071289062,2.112161643093825,-1.7053025658242404e-14,2.4094917507326055,0.9994830228641141,2.4709363704425718,0.25725678426480914,1.6164288044948303
492,492.0,-0.07327613830566407,2.148440929502898,4.263256414560601e-15,2.54585684344058,0.6171074486622554,2.32835807032038,-0.6903835869679238,1.7287930370066078
493,493.0,0.44345741271972655,1.7950207436745738,-3.552713678800501e-15,1.7750047148251662,0.23168402198136043,2.242780059288245,0.21177339073836973,1.5759170418390818
494,494.0,-0.3713645935058594,2.0846870161812086,-2.1316282072803005e-15,1.7681217281287125,-0.15488367661238678,2.222538751118738,-0.2164809168934705,1.5186108413098067
495,495.0,-0.10087776184082031,1.8822574217959027,1.2079226507921703e-14,2.5678513021537053,-0.5406864150703543,2.2697759837934646,0.43980865322952195,1.486304266621727
496,496.0,-1.2849014282226563,2.320421998278254,2.1316282072803005e-15,2.4490648893763,-0.9238187394308989,2.3795984669813506,-0.36108268879175937,1.8126330541013183
497,497.0,-1.3186695098876953,2.485503033255378,-3.552713678800501e-15,2.7209604685404867,-1.3023883847292765,2.54193255321547,-0.01628112515841552,1.877087957028189
498,498.0,-1.4292633056640625,2.2868041124737624,1.0658141036401503e-14,2.708404825478856,-1.6745256207679753,2.7446157720476645,0.2452623151039023,1.451282736849338
499,499.0,-2.264816665649414,3.121494033727259,5.684341886080802e-15,2.741747491247702,-2.0383924865891547,2.9758747844298803,-0.2264241790602647,1.8567052313327224
