seed,epoch,validation_mse_delta,beta,gamma,is_start,is_final
42,1,13.522568,0.573236,1.104373,1,0
42,2,12.694976,0.584097,1.088918,0,0
42,4,12.383404,0.54614,1.172106,0,0
42,5,11.70141,0.531288,1.216361,0,0
42,6,11.097142,0.503241,1.249935,0,0
42,7,11.028274,0.513028,1.234476,0,0
42,8,10.888572,0.54195,1.170053,0,0
42,9,10.581024,0.530564,1.199246,0,0
42,10,10.439492,0.497727,1.269807,0,0
42,11,10.40205,0.517199,1.232858,0,0
42,12,10.31343,0.51289,1.225433,0,0
42,13,9.911834,0.488168,1.273407,0,0
42,18,9.755244,0.489965,1.252375,0,0
42,20,9.362498,0.463178,1.299264,0,0
42,25,9.195447,0.461213,1.326405,0,0
42,26,9.013548,0.46318,1.302531,0,0
42,27,9.00656,0.456556,1.324568,0,0
42,31,8.937311,0.463108,1.315526,0,0
42,32,8.920694,0.473234,1.297759,0,0
42,38,8.81463,0.459078,1.324767,0,1
43,1,14.057659,0.731057,0.782848,1,0
43,2,13.212043,0.506724,1.235119,0,0
43,3,12.290798,0.526281,1.206252,0,0
43,4,12.193678,0.577561,1.095099,0,0
43,5,11.765898,0.514343,1.220946,0,0
43,6,11.598477,0.546781,1.170263,0,0
43,7,11.588517,0.537022,1.178281,0,0
43,9,11.290426,0.512459,1.215512,0,0
43,10,11.004685,0.524935,1.202701,0,0
43,12,10.713618,0.531161,1.187169,0,0
43,19,10.333391,0.523724,1.210854,0,0
43,20,10.091598,0.490137,1.258206,0,0
43,21,9.946439,0.472337,1.294922,0,0
43,22,9.760908,0.485538,1.281028,0,0
43,26,9.600169,0.477221,1.283849,0,0
43,28,9.58229,0.476732,1.293006,0,0
43,29,9.549492,0.47897,1.286659,0,0
43,30,9.265872,0.483374,1.269691,0,0
43,37,9.072803,0.467936,1.300072,0,0
43,42,9.025628,0.475396,1.287391,0,0
43,43,9.025371,0.456017,1.320321,0,0
43,48,8.846145,0.460982,1.324854,0,0
43,60,8.840297,0.454526,1.326337,0,0
43,92,8.834555,0.453744,1.334441,0,0
43,102,8.827234,0.455796,1.329157,0,0
43,128,8.815145,0.456075,1.325078,0,0
43,155,8.80481,0.458828,1.320816,0,0
43,233,8.79828,0.455625,1.328192,0,0
43,241,8.78261,0.461832,1.317698,0,1
44,1,13.273202,0.516004,1.223296,1,0
44,2,12.906531,0.58553,1.081039,0,0
44,3,12.639987,0.584628,1.079813,0,0
44,4,12.115134,0.552802,1.156889,0,0
44,7,11.997478,0.52961,1.21673,0,0
44,8,11.324429,0.525277,1.223751,0,0
44,9,11.306501,0.515514,1.223679,0,0
44,12,11.188622,0.53514,1.184864,0,0
44,14,10.90829,0.509639,1.223589,0,0
44,15,10.884383,0.50944,1.230661,0,0
44,16,10.564958,0.506518,1.218137,0,0
44,18,10.375765,0.497035,1.263981,0,0
44,19,10.212854,0.506314,1.240074,0,0
44,21,10.196829,0.490078,1.274175,0,0
44,22,10.071432,0.470891,1.298142,0,0
44,23,9.70041,0.476792,1.296596,0,0
44,24,9.430482,0.475789,1.297383,0,0
44,25,9.353995,0.476827,1.289571,0,0
44,26,9.00604,0.46964,1.289452,0,0
44,27,8.945752,0.46867,1.299206,0,0
44,28,8.891134,0.462449,1.302405,0,0
44,32,8.888343,0.465127,1.301874,0,0
44,40,8.812737,0.468092,1.303521,0,0
44,118,8.802634,0.453017,1.332498,0,1
45,1,14.591663,0.924166,0.312483,1,0
45,2,14.439958,0.933078,0.317612,0,0
45,3,14.307808,0.871713,0.447018,0,0
45,4,14.187086,0.889481,0.420972,0,0
45,5,14.038008,0.869576,0.468663,0,0
45,7,11.6301,0.518115,1.205682,0,0
45,9,11.284671,0.530657,1.195237,0,0
45,11,10.275185,0.494053,1.24327,0,0
45,14,9.931682,0.48516,1.274429,0,0
45,17,9.838617,0.487234,1.274547,0,0
45,18,9.6323,0.476953,1.277991,0,0
45,20,9.370353,0.476712,1.290215,0,0
45,26,9.320901,0.475426,1.304236,0,0
45,27,9.31101,0.473833,1.289047,0,0
45,28,9.106432,0.462364,1.311462,0,0
45,29,9.090091,0.471402,1.292302,0,0
45,30,9.067286,0.467116,1.306135,0,0
45,31,8.924973,0.46903,1.299572,0,0
45,35,8.877366,0.447868,1.338188,0,0
45,40,8.857498,0.458389,1.319229,0,0
45,47,8.855451,0.468146,1.300742,0,0
45,50,8.833409,0.462579,1.316789,0,0
45,73,8.80976,0.467229,1.307656,0,0
45,130,8.796294,0.457121,1.324701,0,1
46,1,13.626138,0.598583,1.040603,1,0
46,2,13.210049,0.636592,1.013117,0,0
46,3,12.183723,0.549705,1.131377,0,0
46,5,11.601541,0.519379,1.241451,0,0
46,6,11.398931,0.516224,1.205968,0,0
46,7,11.231393,0.542149,1.18994,0,0
46,8,11.048263,0.528547,1.17642,0,0
46,13,11.039763,0.534886,1.178768,0,0
46,14,10.849792,0.530339,1.193586,0,0
46,17,10.531697,0.516366,1.215085,0,0
46,18,10.386837,0.52619,1.1978,0,0
46,19,10.165219,0.485347,1.278917,0,0
46,20,10.061834,0.505658,1.234136,0,0
46,21,9.739707,0.49601,1.232283,0,0
46,23,9.276614,0.483275,1.276883,0,0
46,24,9.138563,0.469287,1.300677,0,0
46,28,9.032824,0.473115,1.293565,0,0
46,32,8.99759,0.467579,1.312991,0,0
46,33,8.943391,0.439551,1.358333,0,0
46,44,8.934031,0.465772,1.307351,0,0
46,45,8.838971,0.461349,1.316522,0,0
46,74,8.83263,0.452186,1.334188,0,0
46,76,8.79842,0.458295,1.327471,0,1
47,1,14.347918,0.866255,0.481395,1,0
47,2,14.188025,0.861355,0.495438,0,0
47,3,13.510097,0.690045,0.878514,0,0
47,4,12.549059,0.593698,1.066603,0,0
47,5,12.112914,0.572171,1.116771,0,0
47,6,12.017867,0.548634,1.144234,0,0
47,7,11.65285,0.564921,1.141625,0,0
47,8,11.574064,0.524851,1.208355,0,0
47,9,11.480925,0.542829,1.182245,0,0
47,12,11.309692,0.536433,1.176039,0,0
47,13,10.546695,0.504912,1.245192,0,0
47,14,10.446262,0.503626,1.245271,0,0
47,15,9.933974,0.514093,1.211346,0,0
47,18,9.546046,0.470336,1.291743,0,0
47,20,9.129295,0.467948,1.311383,0,0
47,22,9.104528,0.473283,1.309271,0,0
47,23,9.019833,0.475666,1.28814,0,0
47,24,8.980837,0.466992,1.297499,0,0
47,26,8.827632,0.459038,1.320514,0,0
47,54,8.809828,0.465687,1.309747,0,0
47,57,8.80277,0.454728,1.330815,0,1
48,1,13.496451,0.627135,0.985752,1,0
48,2,12.708417,0.574963,1.103628,0,0
48,3,12.47818,0.557457,1.141195,0,0
48,4,12.123656,0.53244,1.190297,0,0
48,7,11.901074,0.538693,1.178538,0,0
48,8,11.620036,0.54067,1.147514,0,0
48,9,11.439553,0.555521,1.157486,0,0
48,12,10.961486,0.52491,1.196911,0,0
48,13,10.665308,0.522569,1.19737,0,0
48,14,10.136411,0.489681,1.272439,0,0
48,15,9.705941,0.503405,1.225479,0,0
48,16,9.552219,0.506936,1.238104,0,0
48,18,9.099698,0.469448,1.316169,0,0
48,25,9.0362,0.481637,1.278893,0,0
48,26,8.998216,0.477444,1.289244,0,0
48,30,8.94043,0.465823,1.313585,0,0
48,32,8.894785,0.470805,1.29792,0,0
48,44,8.891764,0.452077,1.328607,0,0
48,46,8.834473,0.47148,1.299749,0,0
48,47,8.77551,0.464917,1.312337,0,1
49,1,14.203182,0.808634,0.610134,1,0
49,2,12.578118,0.575644,1.107309,0,0
49,4,12.408642,0.544081,1.16773,0,0
49,5,11.299997,0.536994,1.169397,0,0
49,6,11.202956,0.533946,1.163136,0,0
49,7,10.715716,0.522096,1.212406,0,0
49,10,10.621538,0.552631,1.141541,0,0
49,11,10.097365,0.534965,1.187313,0,0
49,21,10.066671,0.505011,1.23209,0,0
49,22,9.913066,0.504821,1.245883,0,0
49,23,9.355719,0.486534,1.28034,0,0
49,24,9.355048,0.47831,1.281712,0,0
49,25,9.243557,0.483545,1.290767,0,0
49,28,9.076996,0.467928,1.300051,0,0
49,31,9.064862,0.485079,1.26379,0,0
49,32,9.036801,0.448897,1.335588,0,0
49,33,9.028134,0.471771,1.30389,0,0
49,34,8.940288,0.45517,1.32248,0,0
49,43,8.880731,0.463144,1.311193,0,0
49,45,8.864682,0.462989,1.315294,0,0
49,63,8.818716,0.45792,1.327667,0,0
49,69,8.809185,0.465995,1.304285,0,0
49,100,8.790311,0.453747,1.327409,0,1
50,1,14.581435,0.92093,0.33278,1,0
50,2,14.271827,0.915771,0.385929,0,0
50,5,14.11357,0.8919,0.414366,0,0
50,8,12.133735,0.573275,1.081646,0,0
50,9,11.846056,0.604778,1.054838,0,0
50,10,11.072304,0.509742,1.231549,0,0
50,11,10.535978,0.502225,1.250807,0,0
50,12,10.455846,0.509988,1.215033,0,0
50,13,9.728379,0.492535,1.279245,0,0
50,15,9.654393,0.483901,1.294685,0,0
50,16,9.574924,0.491088,1.264102,0,0
50,17,9.349306,0.479314,1.287872,0,0
50,19,9.334939,0.479906,1.282792,0,0
50,22,9.142386,0.470508,1.296163,0,0
50,23,9.126012,0.475616,1.294978,0,0
50,31,9.007858,0.465509,1.303041,0,0
50,35,8.994301,0.457177,1.322863,0,0
50,36,8.922537,0.471012,1.29521,0,0
50,39,8.910446,0.462272,1.321614,0,0
50,40,8.894514,0.462331,1.325456,0,0
50,42,8.81309,0.460181,1.324463,0,0
50,72,8.801662,0.452109,1.336179,0,0
50,75,8.778448,0.458544,1.326097,0,1
51,1,13.168877,0.622403,1.007701,1,0
51,2,12.675818,0.585732,1.096495,0,0
51,3,11.847495,0.560095,1.12595,0,0
51,5,11.742271,0.541763,1.184114,0,0
51,6,11.576121,0.511976,1.231713,0,0
51,7,11.371965,0.547487,1.155832,0,0
51,9,11.236617,0.524029,1.208927,0,0
51,11,10.77926,0.495698,1.25785,0,0
51,12,9.680208,0.489422,1.274632,0,0
51,13,9.569034,0.466309,1.298876,0,0
51,15,9.475637,0.468515,1.299479,0,0
51,17,9.427745,0.462659,1.326797,0,0
51,18,9.285,0.477622,1.284018,0,0
51,23,9.277365,0.461865,1.309319,0,0
51,24,9.163861,0.478839,1.281746,0,0
51,25,9.080205,0.459602,1.320696,0,0
51,28,9.037317,0.458865,1.325736,0,0
51,29,9.002181,0.474072,1.297409,0,0
51,30,8.959027,0.457421,1.328042,0,0
51,33,8.945757,0.462296,1.31172,0,0
51,35,8.858528,0.465265,1.30507,0,0
51,40,8.814378,0.464531,1.311453,0,0
51,43,8.80958,0.464216,1.310635,0,0
51,84,8.799297,0.450665,1.336676,0,0
51,131,8.795678,0.459752,1.316954,0,1
