cell_index,centroid_longitude,centroid_latitude,min_longitude,min_latitude,max_longitude,max_latitude,mean_active_population
0,-93.7211025325,44.907435154999995,-93.73707944,44.89608352,-93.7051318,44.91878687,1.3875
1,-93.7213840675,44.929938507500005,-93.73736733,44.91858684,-93.70540699,44.94129025,0.27708333333333335
2,-93.721665935,44.9524417675,-93.73765555,44.94109007,-93.70568251,44.96379355,0.2833333333333333
3,-93.72194813,44.9749449375,-93.73794411,44.9635932,-93.70595835,44.98629675,0.25416666666666665
4,-93.7222306575,44.99744802,-93.73823301,44.98609625,-93.70623451,45.00879987,0.4708333333333333
5,-93.72251352,45.0199510125,-93.73852225,45.00859921,-93.706511,45.03130289,0.5270833333333333
6,-93.72279671500002,45.04245391,-93.73881183,45.03110208,-93.70678782,45.05380582,0.5020833333333333
7,-93.72308024,45.064956720000005,-93.73910175,45.05360485,-93.70706496,45.07630867,0.20416666666666666
8,-93.68943609749999,44.907630714999996,-93.70540699,44.89628339,-93.67347138,44.91897811,2.25
9,-93.6897052725,44.93013422,-93.70568251,44.91878687,-93.67373422,44.94148165,3.4520833333333334
10,-93.68997476499999,44.952637634999995,-93.70595835,44.94129025,-93.67399737,44.96398509,0.2708333333333333
11,-93.69024457,44.97514096,-93.70623451,44.96379355,-93.67426083,44.98648845,0.29791666666666666
12,-93.6905146925,44.997644195,-93.706511,44.98629675,-93.67452459,45.00899171,0.7208333333333333
13,-93.6907851375,45.02014734,-93.70678782,45.00879987,-93.67478867,45.03149489,0.75
14,-93.6910559,45.04265039249999,-93.70706496,45.03130289,-93.67505306,45.05399797,0.6645833333333333
15,-93.69132697750001,45.065153355,-93.70734242,45.05380582,-93.67531776,45.07650096,0.5604166666666667
16,-93.691598375,45.08765623,-93.70762022,45.07630867,-93.67558277,45.09900387,1.1791666666666667
17,-93.6918700925,45.1101590125,-93.70789834,45.09881142,-93.67584809,45.12150668,0.3020833333333333
18,-93.65776935,44.9078174975,-93.67373422,44.89647449,-93.64181066,44.91916058,0.33125
19,-93.6580261625,44.930321150000005,-93.67399737,44.91897811,-93.64206114,44.94166426,7.958333333333333
20,-93.65828327749999,44.95282471,-93.67426083,44.94148165,-93.64231192,44.96416784,9.054166666666667
21,-93.6585406925,44.975328180000005,-93.67452459,44.96398509,-93.64256299,44.98667134,1.5020833333333334
22,-93.6587984125,44.997831562500004,-93.67478867,44.98648845,-93.64281436,45.00917475,3.622916666666667
23,-93.6590564375,45.0203348525,-93.67505306,45.00899171,-93.64306603,45.03167806,1.1791666666666667
24,-93.65931476499999,45.042838052499995,-93.67531776,45.03149489,-93.64331799,45.05418129,0.37083333333333335
25,-93.65957339500001,45.0653411625,-93.67558277,45.05399797,-93.64357025,45.07668443,0.5979166666666667
26,-93.6598323275,45.0878441825,-93.67584809,45.07650096,-93.6438228,45.09918747,0.7270833333333333
27,-93.660091565,45.1103471125,-93.67611372,45.09900387,-93.64407565,45.12169043,0.025
28,-93.66035111,45.13284995,-93.67637967,45.12150668,-93.6443288,45.14419329,0.525
29,-93.6261023025,44.9079955025,-93.64206114,44.89665681,-93.61014964,44.91933426,1.76875
30,-93.6263467525,44.9304992925,-93.64231192,44.91916058,-93.61038777,44.94183807,4.264583333333333
31,-93.62659149,44.953002992500004,-93.64256299,44.94166426,-93.61062618,44.9643418,1.5708333333333333
32,-93.626836515,44.975506602500005,-93.64281436,44.96416784,-93.61086487,44.98684543,0.8541666666666666
33,-93.62708183,44.9980101225,-93.64306603,44.98667134,-93.61110384,45.00934897,1.2708333333333333
34,-93.6273274325,45.02051355,-93.64331799,45.00917475,-93.61134309,45.03185242,0.7
35,-93.62757332499999,45.043016890000004,-93.64357025,45.03167806,-93.61158262,45.05435579,1.0104166666666667
36,-93.627819505,45.065520142500006,-93.6438228,45.05418129,-93.61182244,45.07685906,2.5
37,-93.6280659725,45.0880233,-93.64407565,45.07668443,-93.61206253,45.09936224,0.2833333333333333
38,-93.62831273500001,45.1105263675,-93.6443288,45.09918747,-93.61230291,45.12186533,0.42916666666666664
39,-93.6285597875,45.1330293475,-93.64458225,45.12169043,-93.61254358,45.14436834,2.3958333333333335
40,-93.594434965,44.908164727499994,-93.61038777,44.89683036,-93.57848834,44.91949916,5.75625
41,-93.5946670525,44.9306686475,-93.61062618,44.91933426,-93.57871411,44.9420031,3.564583333333333
42,-93.594899415,44.953172480000006,-93.61086487,44.94183807,-93.57894015,44.96450695,0.5854166666666667
43,-93.59513205,44.9756762225,-93.61110384,44.9643418,-93.57916646,44.98701071,1.9520833333333334
44,-93.5953649575,44.9981798725,-93.61134309,44.98684543,-93.57939303,45.00951438,6.077083333333333
45,-93.5955981375,45.020683435,-93.61158262,45.00934897,-93.57961987,45.03201797,0.5604166666666667
46,-93.59583159499999,45.04318691,-93.61182244,45.03185242,-93.57984697,45.05452146,0.25416666666666665
47,-93.5960653275,45.0656902925,-93.61206253,45.05435579,-93.58007435,45.07702486,0.8854166666666666
48,-93.5962993325,45.0881935825,-93.61230291,45.07685906,-93.58030199,45.09952817,0.33125
49,-93.596533615,45.11069678249999,-93.61254358,45.09936224,-93.5805299,45.12203139,0.1125
50,-93.5967681725,45.133199895,-93.61278452,45.12186533,-93.58075807,45.14453452,0.6145833333333334
51,-93.597003005,45.155702919999996,-93.61302575,45.14436834,-93.58098652,45.16703757,0.5229166666666667
52,-93.5972381175,45.17820585250001,-93.61326727,45.16687125,-93.58121523,45.18954052,0.9875
53,-93.5627673525,44.90832517,-93.57871411,44.89699513,-93.54682677,44.91965527,12.19375
54,-93.56298707750001,44.930829215,-93.57894015,44.91949916,-93.54704019,44.94215933,0.027083333333333334
55,-93.563207065,44.953333172499995,-93.57916646,44.9420031,-93.54725386,44.96466331,1.6270833333333334
56,-93.56342731000001,44.97583704,-93.57939303,44.96450695,-93.54746779,44.98716719,3.4791666666666665
57,-93.56364781,44.9983408175,-93.57961987,44.98701071,-93.54768196,45.00967099,2.05
58,-93.56386857,45.0208445075,-93.57984697,45.00951438,-93.54789638,45.03217469,0.4625
59,-93.56408959250001,45.043348105,-93.58007435,45.03201797,-93.54811106,45.0546783,1.4354166666666666
60,-93.56431087499999,45.0658516125,-93.58030199,45.05452146,-93.54832599,45.07718183,0.88125
61,-93.56453241749999,45.08835503,-93.5805299,45.07702486,-93.54854117,45.09968526,0.39791666666666664
62,-93.56475422,45.1108583575,-93.58075807,45.09952817,-93.54875661,45.12218861,0.2625
63,-93.5649762825,45.133361595,-93.58098652,45.12203139,-93.5489723,45.14469186,0.32708333333333334
64,-93.5651986075,45.155864745,-93.58121523,45.14453452,-93.54918824,45.16719503,0.15625
65,-93.565421195,45.17836780500001,-93.58144422,45.16703757,-93.54940444,45.1896981,4.722916666666666
66,-93.565644045,45.2008707725,-93.58167347,45.18954052,-93.54962089,45.21220109,30.091666666666665
67,-93.531099485,44.90847683,-93.54704019,44.89715112,-93.51516496,44.9198026,8.1625
68,-93.5313068475,44.930980995,-93.54725386,44.91965527,-93.51536602,44.94230678,3.48125
69,-93.5315144575,44.9534850725,-93.54746779,44.94215933,-93.51556732,44.96481087,0.6458333333333334
70,-93.53172230999999,44.97598906,-93.54768196,44.96466331,-93.51576886,44.98731487,4.035416666666666
71,-93.5319304025,44.998492957500005,-93.54789638,44.98716719,-93.51597063,45.00981878,1.0729166666666667
72,-93.5321387425,45.020996762500005,-93.54811106,45.00967099,-93.51617264,45.03232259,1.9604166666666667
73,-93.53234733000001,45.043500474999995,-93.54832599,45.03217469,-93.51637489,45.05482632,10.858333333333333
74,-93.53255616,45.0660041025,-93.54854117,45.0546783,-93.51657738,45.07732996,4.733333333333333
75,-93.53276523749999,45.08850764,-93.54875661,45.07718183,-93.5167801,45.09983351,4.095833333333333
76,-93.53297456249999,45.111011087499996,-93.5489723,45.09968526,-93.51698307,45.12233697,0.9479166666666666
77,-93.53318413,45.133514445,-93.54918824,45.12218861,-93.51718627,45.14484034,3.3270833333333334
78,-93.533393945,45.1560177125,-93.54940444,45.14469186,-93.51738971,45.16734362,2.25
79,-93.5336040075,45.1785208925,-93.54962089,45.16719503,-93.51759339,45.18984682,9.595833333333333
80,-93.53381432,45.201023982500004,-93.5498376,45.1896981,-93.51779731,45.21234992,15.091666666666667
81,-93.49884775,44.841106342500005,-93.51476354,44.82978499,-93.48293812,44.85242775,10.666666666666666
82,-93.4990420625,44.8636108875,-93.51496413,44.85228953,-93.48312616,44.8749323,22.0375
83,-93.499236605,44.886115342500005,-93.51516496,44.87479397,-93.48331442,44.89743677,4.602083333333334
84,-93.4994313775,44.9086197125,-93.51536602,44.89729833,-93.48350291,44.91994115,19.197916666666668
85,-93.4996263775,44.931123989999996,-93.51556732,44.9198026,-93.48369162,44.94244543,9.520833333333334
86,-93.4998216075,44.9536281775,-93.51576886,44.94230678,-93.48388055,44.96494963,3.0104166666666665
87,-93.50001706500001,44.9761322775,-93.51597063,44.96481087,-93.4840697,44.98745374,14.94375
88,-93.50021275249999,44.998636285,-93.51617264,44.98731487,-93.48425907,45.00995775,6.675
89,-93.5004086725,45.021140200000005,-93.51637489,45.00981878,-93.48444867,45.03246168,11.579166666666667
90,-93.5006048225,45.043644027499994,-93.51657738,45.03232259,-93.48463849,45.05496552,13.10625
91,-93.50080120250001,45.0661477675,-93.5167801,45.05482632,-93.48482853,45.07746927,8.477083333333333
92,-93.500997815,45.0886514175,-93.51698307,45.07732996,-93.4850188,45.09997293,13.166666666666666
93,-93.50119465750001,45.111154975,-93.51718627,45.09983351,-93.48520929,45.12247649,8.9625
94,-93.50139173000001,45.1336584425,-93.51738971,45.12233697,-93.4854,45.14497997,17.060416666666665
95,-93.501589035,45.1561618225,-93.51759339,45.14484034,-93.48559094,45.16748336,3.379166666666667
96,-93.5017865725,45.178665115,-93.51779731,45.16734362,-93.4857821,45.18998666,0.42291666666666666
97,-93.5019843475,45.201168317500006,-93.51800148,45.18984682,-93.48597349,45.21248987,0.6020833333333333
98,-93.467034635,44.8187353875,-93.48293812,44.80741837,-93.4511373,44.83005246,2.6145833333333335
99,-93.4672164175,44.8412401275,-93.48312616,44.8299231,-93.45131283,44.8525572,7.129166666666666
100,-93.4673984075,44.8637447775,-93.48331442,44.85242775,-93.45148856,44.87506186,13.020833333333334
101,-93.467580615,44.88624933999999,-93.48350291,44.8749323,-93.45166449,44.89756643,4.614583333333333
102,-93.46776304000001,44.908753815,-93.48369162,44.89743677,-93.45184064,44.92007091,5.491666666666666
103,-93.4679456775,44.931258195,-93.48388055,44.91994115,-93.45201699,44.94257529,12.3125
104,-93.4681285275,44.953762485,-93.4840697,44.94244543,-93.45219355,44.96507959,4.25
105,-93.4683115925,44.97626669,-93.48425907,44.96494963,-93.45237031,44.9875838,15.0125
106,-93.468494875,44.9987708025,-93.48444867,44.98745374,-93.45254729,45.01008792,13.354166666666666
107,-93.46867837250001,45.02127482499999,-93.48463849,45.00995775,-93.45272447,45.03259195,28.554166666666667
108,-93.46886208500001,45.043778759999995,-93.48482853,45.03246168,-93.45290186,45.05509589,7.679166666666666
109,-93.4690460125,45.066282605,-93.4850188,45.05496552,-93.45307946,45.07759974,8.55625
110,-93.46923015750001,45.08878636,-93.48520929,45.07746927,-93.45325726,45.1001035,5.779166666666667
111,-93.46941451999999,45.1112900225,-93.4854,45.09997293,-93.45343528,45.12260717,14.35
112,-93.46959909750001,45.133793595,-93.48559094,45.12247649,-93.45361351,45.14511075,25.50625
113,-93.46978389249999,45.15629708,-93.4857821,45.14497997,-93.45379194,45.16761424,2.745833333333333
114,-93.46996890749999,45.1788004775,-93.48597349,45.16748336,-93.45397059,45.19011765,0.475
115,-93.47015414250001,45.201303785,-93.48616511,45.18998666,-93.45414945,45.21262096,0.5875
116,-93.43558486750001,44.841365155,-93.45148856,44.83005246,-93.41968733,44.8526779,15.158333333333333
117,-93.43575453999999,44.8638699025,-93.45166449,44.8525572,-93.41985075,44.87518265,35.25416666666667
118,-93.43592441249999,44.8863745625,-93.45184064,44.87506186,-93.42001436,44.89768731,10.458333333333334
119,-93.43609448500001,44.9088791325,-93.45201699,44.89756643,-93.42017816,44.92019188,7.252083333333333
120,-93.4362647575,44.93138361,-93.45219355,44.92007091,-93.42034215,44.94269636,10.9875
121,-93.43643523,44.953888000000006,-93.45237031,44.94257529,-93.42050634,44.96520076,4.6875
122,-93.4366059025,44.9763923025,-93.45254729,44.96507959,-93.42067072,44.98770506,20.283333333333335
123,-93.4367767775,44.9988965125,-93.45272447,44.9875838,-93.42083529,45.01020927,9.695833333333333
124,-93.4369478525,45.021400635,-93.45290186,45.01008792,-93.42100006,45.0327134,10.16875
125,-93.43711912750001,45.043904667499994,-93.45307946,45.03259195,-93.42116502,45.05521743,5.658333333333333
126,-93.4372906025,45.066408609999996,-93.45325726,45.05509589,-93.42133017,45.07772138,14.966666666666667
127,-93.43746228250001,45.0889124625,-93.45343528,45.07759974,-93.42149552,45.10022523,43.541666666666664
128,-93.4376341675,45.111416225,-93.45361351,45.1001035,-93.42166107,45.122729,19.185416666666665
129,-93.43780625000001,45.13391989749999,-93.45379194,45.12260717,-93.42182681,45.14523267,10.489583333333334
130,-93.43797853499998,45.15642348,-93.45397059,45.14511075,-93.42199274,45.16773626,0.5
131,-93.438151025,45.1789269775,-93.45414945,45.16761424,-93.42215887,45.19023976,1.41875
132,-93.4039531175,44.8414814225,-93.41985075,44.83017306,-93.38806164,44.85278983,10.516666666666667
133,-93.4041104725,44.863986260000004,-93.42001436,44.8526779,-93.38821275,44.87529466,18.977083333333333
134,-93.40426801000001,44.886491007500005,-93.42017816,44.87518265,-93.38836403,44.89779941,16.172916666666666
135,-93.40442573,44.908995667499994,-93.42034215,44.89768731,-93.38851549,44.92030407,11.275
136,-93.4045836375,44.9315002375,-93.42050634,44.92019188,-93.38866712,44.94280864,18.533333333333335
137,-93.40474173250001,44.95400471999999,-93.42067072,44.94269636,-93.38881894,44.96531312,10.489583333333334
138,-93.40490001250001,44.9765091125,-93.42083529,44.96520076,-93.38897093,44.98781751,20.10625
139,-93.40505848000001,44.999013415,-93.42100006,44.98770506,-93.38912311,45.01032182,8.983333333333333
140,-93.4052171325,45.02151763,-93.42116502,45.01020927,-93.38927546,45.03282603,13.26875
141,-93.40537597,45.0440217525,-93.42133017,45.0327134,-93.38942799,45.05533015,15.35625
142,-93.405534995,45.066525785,-93.42149552,45.05521743,-93.3895807,45.07783418,10.964583333333334
143,-93.40569421000001,45.08902973000001,-93.42166107,45.07772138,-93.38973359,45.10033813,18.0625
144,-93.4058536125,45.111533585,-93.42182681,45.10022523,-93.38988666,45.12284198,23.941666666666666
145,-93.4060132,45.134037347500005,-93.42199274,45.122729,-93.39003991,45.14534574,12.375
146,-93.406172975,45.1565410225,-93.42215887,45.14523267,-93.39019334,45.16784942,17.435416666666665
147,-93.3721763225,44.819083912500005,-93.38806164,44.80777988,-93.35629715,44.83038798,9.539583333333333
148,-93.372321185,44.841588924999996,-93.38821275,44.8302849,-93.35643578,44.85289299,2.2583333333333333
149,-93.3724662175,44.8640938475,-93.38836403,44.85278983,-93.35657457,44.87539791,14.489583333333334
150,-93.37261142000001,44.88659868,-93.38851549,44.87529466,-93.35671352,44.89790274,13.627083333333333
151,-93.3727567925,44.909103425,-93.38866712,44.89779941,-93.35685264,44.92040748,6.177083333333333
152,-93.37290233499999,44.931608080000004,-93.38881894,44.92030407,-93.35699192,44.94291213,19.689583333333335
153,-93.37304805000001,44.954112644999995,-93.38897093,44.94280864,-93.35713136,44.96541669,12.28125
154,-93.37319393749999,44.97661712,-93.38912311,44.96531312,-93.35727097,44.98792116,18.139583333333334
155,-93.37333999750001,44.9991215075,-93.38927546,44.98781751,-93.35741074,45.01042554,7.85
156,-93.3734862275,45.0216258075,-93.38942799,45.01032182,-93.35755068,45.03292984,11.69375
157,-93.3736326275,45.044130015,-93.3895807,45.03282603,-93.35769078,45.05543404,26.29375
158,-93.3737792,45.0666341325,-93.38973359,45.05533015,-93.35783104,45.07793816,13.383333333333333
159,-93.3739259475,45.08913816250001,-93.38988666,45.07783418,-93.35797147,45.10044218,29.010416666666668
160,-93.37407286749999,45.1116421025,-93.39003991,45.10033813,-93.35811207,45.12294612,17.814583333333335
161,-93.37421996,45.134145950000004,-93.39019334,45.12284198,-93.35825283,45.14544996,17.989583333333332
162,-93.374367225,45.156649709999996,-93.39034695,45.14534574,-93.35839376,45.16795372,19.195833333333333
163,-93.340556525,44.819182579999996,-93.35643578,44.80788289,-93.32468342,44.83048231,22.83125
164,-93.3406890825,44.8416876675,-93.35657457,44.83038798,-93.32480975,44.85298739,7.960416666666666
165,-93.34082179250001,44.8641926675,-93.35671352,44.85289299,-93.32493623,44.87549238,35.6375
166,-93.3409546575,44.88669758,-93.35685264,44.87539791,-93.32506285,44.89799729,25.129166666666666
167,-93.34108768249999,44.9092024025,-93.35699192,44.89790274,-93.32518962,44.9205021,21.210416666666667
168,-93.3412208625,44.9317071325,-93.35713136,44.92040748,-93.32531655,44.94300682,23.845833333333335
169,-93.3413541975,44.954211775000005,-93.35727097,44.94291213,-93.32544362,44.96551146,18.7
170,-93.34148769,44.976716329999995,-93.35741074,44.96541669,-93.32557084,44.98801601,21.954166666666666
171,-93.34162134000002,44.999220792500005,-93.35755068,44.98792116,-93.32569821,45.01052046,7.508333333333334
172,-93.3417551475,45.02172516750001,-93.35769078,45.01042554,-93.32582573,45.03302483,21.2125
173,-93.34188911,45.044229455,-93.35783104,45.03292984,-93.3259534,45.05552911,13.352083333333333
174,-93.34202323,45.06673365,-93.35797147,45.05543404,-93.32608122,45.07803329,18.091666666666665
175,-93.34215750999999,45.089237755,-93.35811207,45.07793816,-93.32620919,45.10053739,25.495833333333334
176,-93.3422919475,45.111741772500004,-93.35825283,45.10044218,-93.32633731,45.1230414,19.05
177,-93.34242654500001,45.1342457,-93.35839376,45.12294612,-93.32646558,45.14554532,31.620833333333334
178,-93.308936575,44.8192724925,-93.32480975,44.80797714,-93.29306955,44.83056788,14.708333333333334
179,-93.309056825,44.8417776525,-93.32493623,44.83048231,-93.29318358,44.85307303,14.38125
180,-93.3091772125,44.8642827225,-93.32506285,44.85298739,-93.29329774,44.87557809,36.96666666666667
181,-93.30929774,44.886787705,-93.32518962,44.87549238,-93.29341203,44.89808306,26.177083333333332
182,-93.30941841500001,44.9092925975,-93.32531655,44.89799729,-93.29352646,44.92058794,10.135416666666666
183,-93.3095392325,44.9317973975,-93.32544362,44.9205021,-93.29364103,44.94309273,5.608333333333333
184,-93.3096601875,44.95430211,-93.32557084,44.94300682,-93.29375573,44.96559743,15.589583333333334
185,-93.309781285,44.976806735000004,-93.32569821,44.96551146,-93.29387056,44.98810204,12.752083333333333
186,-93.309902525,44.99931127,-93.32582573,44.98801601,-93.29398553,45.01060657,18.802083333333332
187,-93.31002390750001,45.021815714999995,-93.3259534,45.01052046,-93.29410063,45.033111,17.722916666666666
188,-93.31014543500001,45.0443200725,-93.32608122,45.03302483,-93.29421587,45.05561535,15.885416666666666
189,-93.31026710500001,45.0668243375,-93.32620919,45.05552911,-93.29433125,45.0781196,34.827083333333334
190,-93.3103889175,45.089328512499996,-93.32633731,45.07803329,-93.29444676,45.10062377,16.15
191,-93.27742442499999,44.841858875,-93.29329774,44.83056788,-93.26155727,44.8531499,16.972916666666666
192,-93.27753249,44.86436401,-93.29341203,44.85307303,-93.26165911,44.87565502,32.1
193,-93.277640685,44.886869055,-93.29352646,44.87557809,-93.26176108,44.89816005,30.279166666666665
194,-93.27774900749999,44.90937401,-93.29364103,44.89808306,-93.26186317,44.92066499,21.835416666666667
195,-93.27785745749999,44.931878874999995,-93.29375573,44.92058794,-93.26196537,44.94316984,19.958333333333332
196,-93.27796603499999,44.95438365,-93.29387056,44.94309273,-93.2620677,44.9656746,54.33125
197,-93.27807473749999,44.976888335,-93.29398553,44.96559743,-93.26217015,44.98817927,87.26458333333333
198,-93.27818356750001,44.999392935,-93.29410063,44.98810204,-93.26227271,45.01068386,28.34375
199,-93.2782925275,45.02189744499999,-93.29421587,45.01060657,-93.2623754,45.03318835,20.166666666666668
200,-93.2457918975,44.8419313325,-93.26165911,44.83064469,-93.22993084,44.853218,20.364583333333332
201,-93.24588764250001,44.864436525,-93.26176108,44.8531499,-93.23002037,44.87572318,41.16875
202,-93.2459835025,44.8869416275,-93.26186317,44.87565502,-93.23011001,44.89822826,20.845833333333335
203,-93.2460794725,44.9094466375,-93.26196537,44.89816005,-93.23019975,44.92073325,9.16875
204,-93.24617555500001,44.931951559999995,-93.2620677,44.92066499,-93.2302896,44.94323816,15.097916666666666
205,-93.24627175250001,44.954456392500006,-93.26217015,44.94316984,-93.23037955,44.96574297,51.41875
206,-93.24636806250001,44.976961134999996,-93.26227271,44.9656746,-93.23046961,44.9882477,79.65416666666667
207,-93.246464485,44.999465792500004,-93.2623754,44.98817927,-93.23055978,45.01075234,34.78958333333333
208,-93.2465610225,45.02197035750001,-93.26247821,45.01068386,-93.23065005,45.03325688,12.404166666666667
209,-93.214326205,44.887005422499996,-93.23019975,44.87572318,-93.19845883,44.89828769,34.46458333333333
