candidate,MSE_delta,R2_delta,Corr_delta,MSE,R2,Corr,Complexity
Single-constrained gravity model (POW),5.2345,0.7293,0.8083,3.2497,0.9994,0.9994,17
Single-constrained gravity model (EXP),9.6106,0.5030,0.6837,4.5115,0.9992,0.9992,21
Classic gravity model (POW),9.6728,0.4997,0.6832,4.3428,0.9992,0.9992,22
Saturation-limited diffusion,9.6912,0.4988,0.6838,4.2980,0.9992,0.9992,27
Classic gravity model (EXP),9.7263,0.4970,0.6824,4.3142,0.9992,0.9992,24
Distance-weighted diffusion,9.7443,0.4960,0.6817,4.3209,0.9992,0.9992,10
Rank-based diffusion,9.7628,0.4951,0.6816,4.2932,0.9992,0.9992,16
Local–global mixed diffusion,9.7704,0.4947,0.6816,4.2757,0.9992,0.9992,25
KNN diffusion,9.7851,0.4939,0.6811,4.2700,0.9992,0.9992,15
Temporal dynamics,9.8226,0.4920,0.6803,4.2350,0.9992,0.9992,
Accessibility-driven drift,9.8226,0.4920,0.6803,4.2417,0.9992,0.9992,23
Radiation model,9.8851,0.4888,0.6790,4.6677,0.9992,0.9992,13
