epoch,interaction_parameter_1,interaction_parameter_2,run_id,seed,source_key,val_loss
37,0.4590776562690735,1.3247665166854858,run_000,42,interaction_powerlaw_gravity_v1-homo_temporal_sin_forcing_initial_fixed_period_v8_seed_42_seed_42_q_90_batch_8,8.814630270004272
240,0.461832195520401,1.3176984786987305,run_001,43,interaction_powerlaw_gravity_v1-homo_temporal_sin_forcing_initial_fixed_period_v8_seed_43_seed_43_q_90_batch_8,8.782610177993774
117,0.45301660895347595,1.3324975967407227,run_002,44,interaction_powerlaw_gravity_v1-homo_temporal_sin_forcing_initial_fixed_period_v8_seed_44_seed_44_q_90_batch_8,8.802634239196777
129,0.457121342420578,1.324701189994812,run_003,45,interaction_powerlaw_gravity_v1-homo_temporal_sin_forcing_initial_fixed_period_v8_seed_45_seed_45_q_90_batch_8,8.79629373550415
75,0.4582953453063965,1.3274707794189453,run_004,46,interaction_powerlaw_gravity_v1-homo_temporal_sin_forcing_initial_fixed_period_v8_seed_46_seed_46_q_90_batch_8,8.798419713973999
56,0.45472803711891174,1.3308149576187134,run_005,47,interaction_powerlaw_gravity_v1-homo_temporal_sin_forcing_initial_fixed_period_v8_seed_47_seed_47_q_90_batch_8,8.802769660949707
46,0.4649171829223633,1.3123365640640259,run_006,48,interaction_powerlaw_gravity_v1-homo_temporal_sin_forcing_initial_fixed_period_v8_seed_48_seed_48_q_90_batch_8,8.775509595870972
99,0.4537470042705536,1.3274086713790894,run_007,49,interaction_powerlaw_gravity_v1-homo_temporal_sin_forcing_initial_fixed_period_v8_seed_49_seed_49_q_90_batch_8,8.790310859680176
74,0.4585437774658203,1.3260973691940308,run_008,50,interaction_powerlaw_gravity_v1-homo_temporal_sin_forcing_initial_fixed_period_v8_seed_50_seed_50_q_90_batch_8,8.77844762802124
130,0.45975181460380554,1.316954255104065,run_009,51,interaction_powerlaw_gravity_v1-homo_temporal_sin_forcing_initial_fixed_period_v8_seed_51_seed_51_q_90_batch_8,8.79567813873291
